Src_IP_dec,Src_Port,Dst_IP_dec,Dst_Port,Protocol,Timestamp,Flow_Duration,Total_Fwd_Packet,Total_Bwd_packets,Total_Length_of_Fwd_Packet,Total_Length_of_Bwd_Packet,Fwd_Packet_Length_Max,Fwd_Packet_Length_Min,Fwd_Packet_Length_Mean,Fwd_Packet_Length_Std,Bwd_Packet_Length_Max,Bwd_Packet_Length_Min,Bwd_Packet_Length_Mean,Bwd_Packet_Length_Std,Flow_Bytes_per_s,Flow_Packets_per_s,Flow_IAT_Mean,Flow_IAT_Std,Flow_IAT_Max,Flow_IAT_Min,Fwd_IAT_Total,Fwd_IAT_Mean,Fwd_IAT_Std,Fwd_IAT_Max,Fwd_IAT_Min,Bwd_IAT_Total,Bwd_IAT_Mean,Bwd_IAT_Std,Bwd_IAT_Max,Bwd_IAT_Min,Fwd_PSH_Flags,Bwd_PSH_Flags,Fwd_URG_Flags,Bwd_URG_Flags,Fwd_RST_Flags,Bwd_RST_Flags,Fwd_Header_Length,Bwd_Header_Length,Fwd_Packets_per_s,Bwd_Packets_per_s,Packet_Length_Min,Packet_Length_Max,Packet_Length_Mean,Packet_Length_Std,Packet_Length_Variance,FIN_Flag_Count,SYN_Flag_Count,RST_Flag_Count,PSH_Flag_Count,ACK_Flag_Count,URG_Flag_Count,CWR_Flag_Count,ECE_Flag_Count,Down_per_Up_Ratio,Average_Packet_Size,Fwd_Segment_Size_Avg,Bwd_Segment_Size_Avg,Fwd_Bytes_per_Bulk_Avg,Fwd_Packet_per_Bulk_Avg,Fwd_Bulk_Rate_Avg,Bwd_Bytes_per_Bulk_Avg,Bwd_Packet_per_Bulk_Avg,Bwd_Bulk_Rate_Avg,Subflow_Fwd_Packets,Subflow_Fwd_Bytes,Subflow_Bwd_Packets,Subflow_Bwd_Bytes,FWD_Init_Win_Bytes,Bwd_Init_Win_Bytes,Fwd_Act_Data_Pkts,Fwd_Seg_Size_Min,Active_Mean,Active_Std,Active_Max,Active_Min,Idle_Mean,Idle_Std,Idle_Max,Idle_Min,ICMP_Code,ICMP_Type,Total_TCP_Flow_Time,Label,Attempted_Category,Attack_Label
3232238085,54645,3232238083,53,17,2026-09-12 00:00:06,23753,2,2,88,202,44,44,44.0,0.0,101,101,101.0,0.0,12208.98413,168.3997811,7917.666667,13708.60479,23747,3,3,3.0,0.0,3,3,3,3.0,0.0,3,3,0,0,0,0,0,0,16,16,84.19989054,84.19989054,44,101,72.5,32.90896534,1083.0,0,0,0,0,0,0,0,0,1.0,72.5,44.0,101.0,0,0,0,0,0,0,0,22,0,50,0,0,1,8,0.0,0.0,0,0,0.0,0.0,0,0,-1,-1,0,BENIGN,-1,BENIGN
2886729729,58290,3232238130,80,6,2026-09-12 00:01:06,102673578,14,3,2390,0,239,0,170.7142857,110.7689408,0,0,0.0,0.0,23.27765377,0.165573269,6417098.625,13222810.57,51327595,48,102673434,7897956.462,14348646.48,51327595,242,102673530,51336765.0,28026721.74,71154650,31518880,11,0,0,0,0,1,456,100,0.136354457,0.029218812,0,239,140.5882353,120.2882262,14469.25735,0,3,1,11,15,0,0,0,0.214285714,140.5882353,170.7142857,0.0,956,5,598,0,0,0,0,140,0,0,29200,0,11,32,3205576.5,4532536.79,6410564,589,19252456.2,18804777.06,51327595,5868588,-1,-1,102673578,DoS Slowloris,-1,DoS
2886729729,19026,3232238130,80,6,2026-09-12 00:01:54,9243763,7,5,20,11595,20,0,2.857142857,7.55928946,5840,0,2319.0,2438.2586,1256.522912,1.298172616,840342.0909,2764567.116,9175764,4,9243763,1540627.167,3740478.715,9175764,4,52105,13026.25,15912.74008,33361,149,1,1,0,0,1,0,152,112,0.75726736,0.540905257,0,5840,967.9166667,1893.224112,3584297.538,1,2,1,2,11,0,0,0,0.714285714,967.9166667,2.857142857,2319.0,0,0,0,0,0,0,0,1,0,966,8192,229,1,20,67999.0,0.0,67999,67999,9175764.0,0.0,9175764,9175764,-1,-1,9243763,DDoS,-1,DDoS
2886729729,43752,3232238130,80,6,2026-09-12 00:05:00,19197,8,8,357,11595,357,0,44.625,126.2185604,5792,0,1449.375,2323.928013,622597.2808,833.463562,1279.8,3470.438675,13611,3,19197,2742.428571,5820.193292,15860,4,16888,2412.571429,5166.604425,14041,3,1,1,0,0,3,0,228,264,416.731781,416.731781,0,5792,747.0,1747.556351,3053953.2,3,2,3,2,12,0,0,0,1.0,747.0,44.625,1449.375,0,0,0,0,0,0,0,22,0,724,29200,235,1,20,0.0,0.0,0,0,0.0,0.0,0,0,-1,-1,19197,DoS Hulk,-1,DoS
2886729729,44058,3232238130,80,6,2026-09-12 00:05:18,21185,8,6,338,11595,338,0,42.25,119.501046,11595,0,1932.5,4733.638928,563275.9028,660.8449375,1629.615385,4070.932459,14888,1,21185,3026.428571,6016.495875,16363,1,19603,3920.6,6362.963406,15107,5,1,1,0,0,3,0,228,200,377.6256785,283.2192589,0,11595,852.3571429,3093.256825,9568237.786,3,2,3,2,10,0,0,0,0.75,852.3571429,42.25,1932.5,0,0,0,0,0,0,0,24,0,828,29200,235,1,20,0.0,0.0,0,0,0.0,0.0,0,0,-1,-1,21185,DoS Hulk,-1,DoS
2886729729,44602,3232238130,80,6,2026-09-12 00:05:36,11017,8,5,368,11595,368,0,46.0,130.1076477,8688,0,2319.0,3774.237539,1085867.296,1179.994554,918.0833333,2025.690969,7009,1,11017,1573.857143,2642.792111,7024,1,7779,1944.75,3449.743891,7119,190,1,1,0,0,2,0,252,168,726.1504947,453.8440592,0,8688,920.2307692,2466.356697,6082915.359,1,2,2,2,11,0,0,0,0.625,920.2307692,46.0,2319.0,0,0,0,0,0,0,0,28,0,891,29200,235,1,20,0.0,0.0,0,0,0.0,0.0,0,0,-1,-1,11017,DoS Hulk,-1,DoS
2886729729,44962,3232238130,80,6,2026-09-12 00:05:48,60005,8,7,418,11595,418,0,52.25,147.7853173,5792,0,1656.428571,2118.227235,200199.9833,249.9791684,4286.071429,10621.57855,39241,1,60005,8572.142857,17091.02543,46049,1,52707,8784.5,15783.31497,39241,49,1,1,0,0,3,0,240,232,133.3222231,116.6569453,0,5792,800.8666667,1618.674981,2620108.695,1,2,3,2,12,0,0,0,0.875,800.8666667,52.25,1656.428571,0,0,0,11595,5,24156250,0,27,0,773,29200,235,1,20,0.0,0.0,0,0,0.0,0.0,0,0,-1,-1,60005,DoS Hulk,-1,DoS
2886729729,42890,3232238130,80,6,2026-09-12 00:05:54,116996,6,6,382,11595,382,0,63.66666667,155.950847,8688,0,1932.5,3384.303045,102371.0212,102.5676091,10636.0,24281.03578,80113,1,116996,23399.2,39257.87877,90975,1,106265,21253.0,34738.42284,80113,47,1,1,0,0,1,0,200,200,51.28380457,51.28380457,0,8688,998.0833333,2483.88905,6169704.811,1,2,1,2,11,0,0,0,1.0,998.0833333,63.66666667,1932.5,0,0,0,11595,4,36347962,0,31,0,966,29200,235,1,32,0.0,0.0,0,0,0.0,0.0,0,0,-1,-1,116996,DoS Hulk,-1,DoS
2886729729,45274,3232238130,80,6,2026-09-12 00:06:06,159982,7,5,291,11595,291,0,41.57142857,109.9876616,7240,0,2319.0,3331.638186,74295.85828,75.00843845,14543.81818,41561.11437,139246,1,159982,26663.66667,59624.09894,147976,1,151729,37932.25,67775.56336,139246,189,1,1,0,0,2,0,220,168,43.75492243,31.25351602,0,7240,990.5,2327.692088,5418150.455,1,2,2,2,10,0,0,0,0.714285714,990.5,41.57142857,2319.0,0,0,0,0,0,0,0,24,0,966,29200,235,1,20,0.0,0.0,0,0,0.0,0.0,0,0,-1,-1,159982,DoS Hulk,-1,DoS
2886729729,45580,3232238130,80,6,2026-09-12 00:06:12,171991,8,7,356,11595,356,0,44.5,125.8650071,5792,0,1656.428571,2119.480114,69486.19405,87.21386584,12285.07143,35959.27529,136177,0,171991,24570.14286,54233.28515,146983,1,160984,26830.66667,53909.47947,136177,32,1,1,0,0,3,0,228,232,46.51406178,40.69980406,0,5792,796.7333333,1620.50347,2626031.495,2,2,3,2,11,0,0,0,0.875,796.7333333,44.5,1656.428571,0,0,0,11595,4,36462264,0,23,0,773,29200,235,1,20,0.0,0.0,0,0,0.0,0.0,0,0,-1,-1,171991,DoS Hulk,-1,DoS
2886729729,45884,3232238130,80,6,2026-09-12 00:06:24,160993,7,6,377,11595,377,0,53.85714286,142.4926063,5792,0,1932.5,2362.781391,74363.48164,80.74885243,13416.08333,39182.22086,137179,1,160993,26832.16667,59503.599,147980,1,148690,29738.0,60245.56806,137179,50,1,1,0,0,2,0,220,200,43.48015131,37.26870112,0,5792,920.9230769,1812.867317,3286487.91,1,2,2,2,11,0,0,0,0.857142857,920.9230769,53.85714286,1932.5,0,0,0,11595,4,24156250,0,29,0,891,29200,235,1,20,0.0,0.0,0,0,0.0,0.0,0,0,-1,-1,160993,DoS Hulk,-1,DoS
2886729729,46372,3232238130,80,6,2026-09-12 00:06:36,604975,10,5,1173,11595,391,0,117.3,188.8709436,7240,0,2319.0,3003.171157,21105.00434,24.79441299,43212.5,82068.67784,212989,1,604975,67219.44444,98158.83757,212989,1,590517,147629.25,204558.0822,433995,197,3,1,0,0,2,0,316,168,16.52960866,8.264804331,0,7240,851.2,1937.514505,3753962.457,1,2,2,4,13,0,0,0,0.5,851.2,117.3,2319.0,0,0,0,0,0,0,0,78,0,773,29200,235,3,20,0.0,0.0,0,0,0.0,0.0,0,0,-1,-1,604975,DoS Hulk,-1,DoS
2886729729,46626,3232238130,80,6,2026-09-12 00:06:48,173987,8,8,381,11595,381,0,47.625,134.7038418,5792,0,1449.375,1895.881019,68832.72888,91.96089363,11599.13333,34530.39713,135157,2,173987,24855.28571,54575.15028,147997,2,160092,22870.28571,49843.32752,135157,15,1,1,0,0,3,0,228,264,45.98044681,45.98044681,0,5792,748.5,1486.543687,2209812.133,2,2,3,2,12,0,0,0,1.0,748.5,47.625,1449.375,0,0,0,11595,5,25997757,0,23,0,724,29200,235,1,20,0.0,0.0,0,0,0.0,0.0,0,0,-1,-1,173987,DoS Hulk,-1,DoS
2886729729,47246,3232238130,80,6,2026-09-12 00:07:06,163004,8,6,293,11595,293,0,36.625,103.5911434,5792,0,1932.5,2362.781391,72930.72563,85.88746288,12538.76923,38196.72705,139003,1,163004,23286.28571,53462.23145,143985,1,153698,30739.6,60814.49757,139003,174,1,1,0,0,2,0,252,200,49.07855022,36.80891266,0,5792,849.1428571,1760.949388,3100942.747,1,2,2,2,12,0,0,0,0.75,849.1428571,36.625,1932.5,0,0,0,11595,4,16877729,0,20,0,828,29200,235,1,20,0.0,0.0,0,0,0.0,0.0,0,0,-1,-1,163004,DoS Hulk,-1,DoS
2886729729,47694,3232238130,80,6,2026-09-12 00:07:24,156992,7,5,372,11595,372,0,53.14285714,140.602784,10136,0,2319.0,4414.366206,76226.81411,76.4370159,14272.0,38426.53755,129169,3,156992,26165.33333,56955.56309,141973,3,143602,35900.5,62518.0902,129169,190,1,1,0,0,1,0,232,168,44.58825927,31.84875662,0,10136,997.25,2908.289317,8458146.75,1,2,1,2,11,0,0,0,0.714285714,997.25,53.14285714,2319.0,0,0,0,0,0,0,0,31,0,966,29200,235,1,32,0.0,0.0,0,0,0.0,0.0,0,0,-1,-1,156992,DoS Hulk,-1,DoS
2886729729,19215,3232238130,80,6,2026-09-12 00:08:36,2607922,8,6,20,11595,20,0,2.5,7.071067812,5840,0,1932.5,2202.130219,4453.737497,5.368258713,200609.3846,707723.5582,2555955,1,2607922,372560.2857,962848.0343,2555955,1,32081,6416.2,8761.350963,18840,155,1,1,0,0,1,0,172,132,3.067576408,2.300682306,0,5840,829.6428571,1687.472466,2847563.324,1,2,1,2,13,0,0,0,0.75,829.6428571,2.5,1932.5,0,0,0,11595,4,17026431,0,1,0,828,8192,229,1,20,0.0,0.0,0,0,0.0,0.0,0,0,-1,-1,2607922,DDoS,-1,DDoS
2886729729,57562,3232238130,80,6,2026-09-12 00:15:12,1088969,8,5,20,11595,20,0,2.5,7.071067812,5840,0,2319.0,2636.068095,10666.05202,11.93789722,90747.41667,241354.5559,826501,1,1088969,155567.0,311251.5582,833200,1,844561,211140.25,410325.348,826501,49,1,1,0,0,1,0,172,112,7.34639829,4.591498932,0,5840,893.4615385,1921.524335,3692255.769,1,2,1,2,12,0,0,0,0.625,893.4615385,2.5,2319.0,0,0,0,0,0,0,0,1,0,891,8192,229,1,20,0.0,0.0,0,0,0.0,0.0,0,0,-1,-1,1088969,DDoS,-1,DDoS
2886729729,45764,3232238130,80,6,2026-09-12 00:17:30,736,3,1,0,0,0,0,0.0,0.0,0,0,0.0,0.0,0.0,5434.782609,245.3333333,248.9303785,525,48,736,368.0,452.54834,688,48,0,0.0,0.0,0,0,0,0,0,0,1,0,104,40,4076.086957,1358.695652,0,0,0.0,0.0,0.0,0,2,1,0,3,0,0,0,0.333333333,0.0,0.0,0.0,0,0,0,0,0,0,0,0,0,0,29200,28960,0,32,0.0,0.0,0,0,0.0,0.0,0,0,-1,-1,736,Portscan,-1,PortScan
3232238088,51704,3232238083,53,17,2026-09-12 00:21:24,165,2,2,72,136,36,36,36.0,0.0,68,68,68.0,0.0,1260606.061,24242.42424,55.0,55.83009941,114,3,3,3.0,0.0,3,3,48,48.0,0.0,48,48,0,0,0,0,0,0,16,16,12121.21212,12121.21212,36,68,52.0,18.47520861,341.3333333,0,0,0,0,0,0,0,0,1.0,52.0,36.0,68.0,0,0,0,0,0,0,0,18,0,34,0,0,1,8,0.0,0.0,0,0,0.0,0.0,0,0,-1,-1,0,BENIGN,-1,BENIGN
2886729729,19540,3232238130,80,6,2026-09-12 00:21:54,10635522,8,6,20,11595,20,0,2.5,7.071067812,7215,0,1932.5,3125.165196,1092.094963,1.316343476,818117.0769,2906124.742,10489847,3,10635522,1519360.286,3955950.253,10489847,49,117387,23477.4,43692.23625,100725,3,1,1,0,0,1,0,172,132,0.752196272,0.564147204,0,7215,829.6428571,2176.88421,4738824.863,2,2,1,2,13,0,0,0,0.75,829.6428571,2.5,1932.5,0,0,0,0,0,0,0,1,0,828,8192,229,1,20,145675.0,0.0,145675,145675,10489847.0,0.0,10489847,10489847,-1,-1,10635522,DDoS,-1,DDoS
2886729729,48914,3232238130,80,6,2026-09-12 00:22:12,152441,8,9,318,11606,318,0,39.75,112.4299782,4344,0,1289.555556,1687.243767,78220.42626,111.5185547,9527.5625,20030.61408,72761,1,152441,21777.28571,35724.85735,96629,1,128518,16064.75,26606.77736,73428,48,1,2,0,0,3,0,228,296,52.47931987,59.03923485,0,4344,701.4117647,1357.350455,1842400.257,3,2,3,3,13,0,0,0,1.125,701.4117647,39.75,1289.555556,0,0,0,11606,6,125568,0,18,0,682,29200,235,1,20,0.0,0.0,0,0,0.0,0.0,0,0,-1,-1,152441,DoS Hulk,-1,DoS
2886729729,47896,3232238130,80,6,2026-09-12 00:22:30,93977,6,6,308,11595,308,0,51.33333333,125.7404735,5792,0,1932.5,2181.008184,126658.6505,127.690818,8543.363636,21702.32572,72945,3,93977,18795.4,36119.81512,82968,3,83415,16683.0,31753.09135,72945,45,1,1,0,0,1,0,200,200,63.84540898,63.84540898,0,5792,991.9166667,1770.449376,3134490.992,1,2,1,2,11,0,0,0,1.0,991.9166667,51.33333333,1932.5,0,0,0,11595,4,39982758,0,25,0,966,29200,235,1,32,0.0,0.0,0,0,0.0,0.0,0,0,-1,-1,93977,DoS Hulk,-1,DoS
2886729729,49298,3232238130,80,6,2026-09-12 00:22:36,138008,8,7,350,11595,350,0,43.75,123.7436867,4344,0,1656.428571,1760.597234,86552.95345,108.6893513,9857.714286,28005.67251,106120,1,138008,19715.42857,42283.51626,115000,1,127988,21331.33333,41875.62864,106120,15,1,1,0,0,3,0,228,232,57.96765405,50.72169729,0,4344,796.3333333,1424.650417,2029628.81,2,2,3,2,11,0,0,0,0.875,796.3333333,43.75,1656.428571,0,0,0,11595,4,45116731,0,23,0,773,29200,235,1,20,0.0,0.0,0,0,0.0,0.0,0,0,-1,-1,138008,DoS Hulk,-1,DoS
2886729729,49540,3232238130,80,6,2026-09-12 00:22:42,159993,8,7,373,11595,373,0,46.625,131.8754147,4344,0,1656.428571,1757.579003,74803.27264,93.75410174,11428.07143,36422.31365,137356,1,159993,22856.14286,54887.31394,146996,1,148841,24806.83333,55310.59726,137356,15,1,1,0,0,2,0,252,232,50.0021876,43.75191415,0,4344,797.8666667,1422.549365,2023646.695,1,2,2,2,13,0,0,0,0.875,797.8666667,46.625,1656.428571,0,0,0,11595,5,25939597,0,24,0,773,29200,235,1,20,0.0,0.0,0,0,0.0,0.0,0,0,-1,-1,159993,DoS Hulk,-1,DoS
2886729729,49938,3232238130,80,6,2026-09-12 00:22:54,172015,7,7,413,11595,413,0,59.0,156.0993274,4344,0,1656.428571,1760.597234,69807.86559,81.38825102,13231.92308,38158.87434,139289,1,172015,28669.16667,59680.787,149987,1,162019,27003.16667,55280.89245,139289,48,1,1,0,0,2,0,208,232,40.69412551,40.69412551,0,4344,857.7142857,1459.07349,2128895.451,2,2,2,2,11,0,0,0,1.0,857.7142857,59.0,1656.428571,0,0,0,11595,4,39982758,0,29,0,828,29200,235,1,20,0.0,0.0,0,0,0.0,0.0,0,0,-1,-1,172015,DoS Hulk,-1,DoS
2886729729,50198,3232238130,80,6,2026-09-12 00:23:06,158004,9,5,365,11595,365,0,40.55555556,121.6666667,8688,0,2319.0,3774.237539,75694.28622,88.60535176,12154.15385,37138.10981,135055,0,158004,19750.5,51527.06919,146984,0,145300,36325.0,65984.5608,135055,65,1,1,0,0,1,0,296,168,56.96058328,31.64476849,0,8688,854.2857143,2382.37517,5675711.451,1,2,1,2,13,0,0,0,0.555555556,854.2857143,40.55555556,2319.0,0,0,0,0,0,0,0,26,0,828,29200,235,1,32,0.0,0.0,0,0,0.0,0.0,0,0,-1,-1,158004,DoS Hulk,-1,DoS
2886729729,50586,3232238130,80,6,2026-09-12 00:23:18,159988,7,7,324,11595,324,0,46.28571429,122.4604893,5792,0,1656.428571,2118.227235,74499.33745,87.50656299,12306.76923,39201.68846,142296,1,159988,26664.66667,59129.46787,146978,1,154817,25802.83333,57268.57828,142296,47,1,1,0,0,2,0,220,232,43.7532815,43.7532815,0,5792,851.3571429,1666.069978,2775789.17,1,2,2,2,12,0,0,0,1.0,851.3571429,46.28571429,1656.428571,0,0,0,11595,5,24056016,0,23,0,828,29200,235,1,20,0.0,0.0,0,0,0.0,0.0,0,0,-1,-1,159988,DoS Hulk,-1,DoS
2886729729,50954,3232238130,80,6,2026-09-12 00:23:30,171979,7,6,346,11595,346,0,49.42857143,130.7757077,10136,0,1932.5,4060.245892,69432.89588,75.59062444,14331.58333,39018.46925,137152,0,171979,28663.16667,58299.5715,147009,0,159944,31988.8,59063.09249,137152,81,1,1,0,0,2,0,208,200,40.70264393,34.88798051,0,10136,918.5384615,2798.612293,7832230.769,2,2,2,2,10,0,0,0,0.857142857,918.5384615,49.42857143,1932.5,0,0,0,0,0,0,0,26,0,891,29200,235,1,20,0.0,0.0,0,0,0.0,0.0,0,0,-1,-1,171979,DoS Hulk,-1,DoS
2886729729,51328,3232238130,80,6,2026-09-12 00:23:42,1235928,10,7,764,11595,382,0,76.4,161.0653422,4344,0,1656.428571,1757.579003,9999.77345,13.75484656,77245.5,250703.5396,996943,1,1235928,137325.3333,329508.4751,996943,1,228761,38126.83333,91098.36986,224053,14,2,1,0,0,3,0,312,232,8.091086212,5.663760348,0,4344,727.0,1347.396749,1815478.0,1,3,3,3,13,0,0,0,0.7,727.0,76.4,1656.428571,0,0,0,11595,5,18173981,0,44,0,682,29200,235,2,20,0.0,0.0,0,0,0.0,0.0,0,0,-1,-1,1235928,DoS Hulk,-1,DoS
2886729729,51794,3232238130,80,6,2026-09-12 00:23:54,1001943,10,6,359,11595,359,0,35.9,113.525768,5792,0,1932.5,2537.820147,11930.81842,15.96897229,66796.2,257712.9601,998372,0,1001943,111327.0,332642.4421,998372,0,1308,261.6,320.4688752,820,49,1,1,0,0,1,0,336,200,9.980607679,5.988364608,0,5792,747.125,1747.526666,3053849.45,1,3,1,2,14,0,0,0,0.6,747.125,35.9,1932.5,0,0,0,0,0,0,0,22,0,724,29200,235,1,32,0.0,0.0,0,0,0.0,0.0,0,0,-1,-1,1001943,DoS Hulk,-1,DoS
2886729729,52364,3232238130,80,6,2026-09-12 00:24:12,240966,8,6,347,11595,347,0,43.375,122.6830265,5792,0,1932.5,2181.008184,49558.85893,58.09948291,18535.84615,58661.51766,213185,0,240966,34423.71429,85425.5309,227981,0,225360,45072.0,94116.56801,213185,46,1,1,0,0,1,0,264,200,33.19970452,24.89977839,0,5792,853.0,1666.991855,2778861.846,1,2,1,2,13,0,0,0,0.75,853.0,43.375,1932.5,0,0,0,11595,4,39982758,0,24,0,828,29200,235,1,32,0.0,0.0,0,0,0.0,0.0,0,0,-1,-1,240966,DoS Hulk,-1,DoS
2886729729,52668,3232238130,80,6,2026-09-12 00:24:30,1001227,9,6,364,11595,364,0,40.44444444,121.3333333,5792,0,1932.5,2537.820147,11944.34429,14.98161756,71516.21429,266498.9845,997437,1,1001227,125153.375,352456.9637,997437,1,1230,246.0,358.9596078,861,3,1,1,0,0,1,0,304,200,8.988970533,5.992647022,0,5792,797.2666667,1796.981138,3229141.21,1,3,1,2,13,0,0,0,0.666666667,797.2666667,40.44444444,1932.5,0,0,0,0,0,0,0,24,0,773,29200,235,1,32,0.0,0.0,0,0,0.0,0.0,0,0,-1,-1,1001227,DoS Hulk,-1,DoS
2886729729,19778,3232238130,80,6,2026-09-12 00:31:00,1539967,7,4,20,11595,20,0,2.857142857,7.55928946,8760,0,2898.75,4129.722297,7542.369414,7.143010207,153996.7,341708.7237,1030719,1,1539967,256661.1667,423851.7037,1033365,1,1062338,354112.6667,586166.4953,1030719,187,1,1,0,0,1,0,152,92,4.54555195,2.597458257,0,8760,1055.909091,2692.783707,7251084.091,1,2,1,2,10,0,0,0,0.571428571,1055.909091,2.857142857,2898.75,0,0,0,0,0,0,0,1,0,1054,8192,229,1,20,0.0,0.0,0,0,0.0,0.0,0,0,-1,-1,1539967,DDoS,-1,DDoS
2886729729,50122,3232238131,514,6,2026-09-12 00:31:48,51,1,1,0,0,0,0,0.0,0.0,0,0,0.0,0.0,0.0,39215.68627,51.0,0.0,51,51,0,0.0,0.0,0,0,0,0.0,0.0,0,0,0,0,0,0,0,1,24,20,19607.84314,19607.84314,0,0,0.0,0.0,0.0,0,1,1,0,1,0,0,0,1.0,0.0,0.0,0.0,0,0,0,0,0,0,0,0,0,0,1024,0,0,24,0.0,0.0,0,0,0.0,0.0,0,0,-1,-1,51,Infiltration - Portscan,-1,Infiltration
2886729729,50122,3232238131,515,6,2026-09-12 00:31:48,48,1,1,0,0,0,0,0.0,0.0,0,0,0.0,0.0,0.0,41666.66667,48.0,0.0,48,48,0,0.0,0.0,0,0,0,0.0,0.0,0,0,0,0,0,0,0,1,24,20,20833.33333,20833.33333,0,0,0.0,0.0,0.0,0,1,1,0,1,0,0,0,1.0,0.0,0.0,0.0,0,0,0,0,0,0,0,0,0,0,1024,0,0,24,0.0,0.0,0,0,0.0,0.0,0,0,-1,-1,48,Infiltration - Portscan,-1,Infiltration
2886729729,58182,3232238130,80,6,2026-09-12 00:37:00,1090983,8,4,20,11595,20,0,2.5,7.071067812,8760,0,2898.75,4129.722297,10646.36204,10.9992548,99180.27273,301909.1016,1008075,3,1090983,155854.7143,379103.2636,1014349,3,1026149,342049.6667,576859.8652,1008075,377,1,1,0,0,1,0,172,92,7.332836534,3.666418267,0,8760,967.9166667,2585.4993,6684806.629,1,2,1,2,11,0,0,0,0.5,967.9166667,2.5,2898.75,0,0,0,0,0,0,0,1,0,966,8192,229,1,20,0.0,0.0,0,0,0.0,0.0,0,0,-1,-1,1090983,DDoS,-1,DDoS
2886729729,50122,3232238131,8290,6,2026-09-12 00:37:36,19,1,1,0,0,0,0,0.0,0.0,0,0,0.0,0.0,0.0,105263.1579,19.0,0.0,19,19,0,0.0,0.0,0,0,0,0.0,0.0,0,0,0,0,0,0,0,1,24,20,52631.57895,52631.57895,0,0,0.0,0.0,0.0,0,1,1,0,1,0,0,0,1.0,0.0,0.0,0.0,0,0,0,0,0,0,0,0,0,0,1024,0,0,24,0.0,0.0,0,0,0.0,0.0,0,0,-1,-1,19,Infiltration - Portscan,-1,Infiltration
2886729729,58410,3232238130,80,6,2026-09-12 00:38:00,105701053,16,3,2541,0,231,0,158.8125,110.5828309,0,0,0.0,0.0,24.03949561,0.17975223,5872280.722,12532099.61,51391627,57,105700973,7046731.533,13484854.78,51391627,528,102698962,51349481.0,28008035.74,71154153,31544809,11,0,0,0,0,1,536,100,0.151370299,0.028381931,0,231,133.7368421,117.1764302,13730.31579,0,5,1,11,15,0,0,0,0.1875,133.7368421,158.8125,0.0,1155,5,722,0,0,0,0,133,0,0,29200,0,11,32,4707335.5,6656148.159,9413943,728,19257260.4,18825843.98,51391627,5901065,-1,-1,105701053,DoS Slowloris,-1,DoS
2886729729,54232,3232238130,80,6,2026-09-12 00:38:48,2601,7,6,367,11595,367,0,52.42857143,138.7129616,5803,0,1932.5,2539.075088,4599000.384,4998.077662,216.75,221.9996417,721,3,2601,433.5,325.3120041,1012,212,1111,222.2,364.3455777,868,3,1,1,0,0,1,0,232,200,2691.272587,2306.805075,0,5803,920.1538462,1909.835457,3647471.474,1,2,1,2,12,0,0,0,0.857142857,920.1538462,52.42857143,1932.5,0,0,0,0,0,0,0,28,0,891,29200,235,1,32,0.0,0.0,0,0,0.0,0.0,0,0,-1,-1,2601,DoS Hulk,-1,DoS
2886729729,54700,3232238130,80,6,2026-09-12 00:39:18,4867,8,6,346,11595,346,0,43.25,122.3294731,5792,0,1932.5,2535.308403,2453462.092,2876.515307,374.3846154,430.3197529,1534,1,4867,695.2857143,550.9176328,1591,221,2413,482.6,795.5245439,1867,1,1,1,0,0,1,0,264,200,1643.723033,1232.792275,0,5792,852.9285714,1849.764578,3421628.995,1,2,1,2,13,0,0,0,0.75,852.9285714,43.25,1932.5,0,0,0,0,0,0,0,24,0,828,29200,235,1,32,0.0,0.0,0,0,0.0,0.0,0,0,-1,-1,4867,DoS Hulk,-1,DoS
2886729729,55142,3232238130,80,6,2026-09-12 00:39:42,58355,8,6,370,11595,370,0,46.25,130.8147545,4344,0,1932.5,2178.085008,205038.1287,239.9108902,4488.846154,13863.21249,50508,21,58355,8336.428571,18997.32049,51332,251,54925,10985.0,22163.79967,50508,32,1,1,0,0,1,0,264,200,137.0919373,102.818953,0,4344,854.6428571,1664.994969,2772208.247,1,2,1,2,13,0,0,0,0.75,854.6428571,46.25,1932.5,0,0,0,11595,4,42785977,0,26,0,828,29200,235,1,32,0.0,0.0,0,0,0.0,0.0,0,0,-1,-1,58355,DoS Hulk,-1,DoS
3232238099,123,1111927825,123,17,2026-09-12 00:39:42,17018,1,1,48,48,48,48,48.0,0.0,48,48,48.0,0.0,5641.085909,117.5226231,17018.0,0.0,17018,17018,0,0.0,0.0,0,0,0,0.0,0.0,0,0,0,0,0,0,0,0,8,8,58.76131155,58.76131155,48,48,48.0,0.0,0.0,0,0,0,0,0,0,0,0,1.0,48.0,48.0,48.0,0,0,0,0,0,0,0,24,0,24,0,0,0,8,0.0,0.0,0,0,0.0,0.0,0,0,-1,-1,0,BENIGN,-1,BENIGN
2886729729,55212,3232238130,80,6,2026-09-12 00:39:48,163932,10,6,353,11595,353,0,35.3,111.6284014,5792,0,1932.5,2537.820147,72883.87868,97.6014445,10928.8,29264.05123,110638,2,163932,18214.66667,37319.18439,112203,2,111476,22295.2,49386.06941,110638,2,1,1,0,0,1,0,328,200,61.00090281,36.60054169,0,5792,746.75,1747.616148,3054162.2,1,2,1,2,15,0,0,0,0.6,746.75,35.3,1932.5,0,0,0,0,0,0,0,22,0,724,29200,235,1,32,0.0,0.0,0,0,0.0,0.0,0,0,-1,-1,163932,DoS Hulk,-1,DoS
2886729729,53550,3232238130,80,6,2026-09-12 00:40:06,243307,8,4,350,11595,350,0,43.75,123.7436867,7251,0,2898.75,3551.353298,49094.35405,49.32040591,22118.81818,70555.84474,234825,60,243307,34758.14286,88760.44864,236025,138,239126,79708.66667,134349.4167,234825,161,1,1,0,0,1,0,264,136,32.8802706,16.4401353,0,7251,995.4166667,2329.252415,5425416.811,1,2,1,2,11,0,0,0,0.5,995.4166667,43.75,2898.75,0,0,0,0,0,0,0,29,0,966,29200,235,1,32,0.0,0.0,0,0,0.0,0.0,0,0,-1,-1,243307,DoS Hulk,-1,DoS
2886729729,53648,3232238130,80,6,2026-09-12 00:40:30,47509656,4,2,0,0,0,0,0.0,0.0,0,0,0.0,0.0,0.0,0.126290117,9501931.2,14110008.1,31476779,96,47509656,15836552.0,15739314.81,31477389,574,31477257,31477257.0,0.0,31477257,31477257,0,0,0,0,0,0,144,80,0.084193411,0.042096706,0,0,0.0,0.0,0.0,0,4,0,0,4,0,0,0,0.5,0.0,0.0,0.0,0,0,0,0,0,0,0,0,0,0,29200,28960,0,32,574.0,0.0,574,574,23754236.0,10921325.05,31476779,16031693,-1,-1,47509656,DoS Hulk - Attempted,0,DoS
2886729729,56240,3232238130,80,6,2026-09-12 00:40:48,177702,9,6,333,11595,333,0,37.0,111.0,5792,0,1932.5,2537.820147,67123.61144,84.41098018,12693.0,45392.03607,170375,2,177702,22212.75,60674.28524,172356,4,172111,34422.2,76003.09121,170375,2,1,1,0,0,1,0,296,200,50.64658811,33.76439207,0,5792,795.2,1797.532761,3231124.029,1,2,1,2,14,0,0,0,0.666666667,795.2,37.0,1932.5,0,0,0,0,0,0,0,22,0,773,29200,235,1,32,0.0,0.0,0,0,0.0,0.0,0,0,-1,-1,177702,DoS Hulk,-1,DoS
2886729729,56520,3232238130,80,6,2026-09-12 00:41:06,251959,9,6,301,11595,301,0,33.44444444,100.3333333,5792,0,1932.5,2181.008184,47214.03085,59.53349553,17997.07143,63668.04196,239069,1,251959,31494.875,85484.51609,242946,1,247414,49482.8,106037.9157,239069,46,1,1,0,0,1,0,296,200,35.72009732,23.81339821,0,5792,793.0666667,1622.335198,2631971.495,1,2,1,2,14,0,0,0,0.666666667,793.0666667,33.44444444,1932.5,0,0,0,11595,4,39845360,0,20,0,773,29200,235,1,32,0.0,0.0,0,0,0.0,0.0,0,0,-1,-1,251959,DoS Hulk,-1,DoS
2886729729,56940,3232238130,80,6,2026-09-12 00:41:18,211429,8,6,302,11595,302,0,37.75,106.773124,4344,0,1932.5,1754.831473,56269.48053,66.21608199,16263.76923,52525.31686,190556,4,211429,30204.14286,71614.00749,192158,4,207722,41544.4,83617.96629,190556,15,1,1,0,0,1,0,264,200,37.83776114,28.37832085,0,4344,849.7857143,1461.974649,2137369.874,1,2,1,2,13,0,0,0,0.75,849.7857143,37.75,1932.5,0,0,0,11595,4,45116731,0,21,0,828,29200,235,1,32,0.0,0.0,0,0,0.0,0.0,0,0,-1,-1,211429,DoS Hulk,-1,DoS
2886729729,57286,3232238130,80,6,2026-09-12 00:41:36,225020,8,6,354,11595,354,0,44.25,125.1579003,5792,0,1932.5,2181.008184,53101.94649,62.21669185,17309.23077,55806.47865,202281,14,225020,32145.71429,75655.51162,203043,234,221794,44358.8,88670.73626,202281,14,1,1,0,0,1,0,264,200,35.55239534,26.66429651,0,5792,853.5,1666.829452,2778320.423,1,2,1,2,13,0,0,0,0.75,853.5,44.25,1932.5,0,0,0,11595,4,45470588,0,25,0,828,29200,235,1,32,0.0,0.0,0,0,0.0,0.0,0,0,-1,-1,225020,DoS Hulk,-1,DoS
2886729729,57674,3232238130,80,6,2026-09-12 00:41:54,176921,9,6,357,11595,357,0,39.66666667,119.0,4355,0,1932.5,2182.468304,67555.57565,84.78360398,12637.21429,45702.37714,171408,3,176921,22115.125,60790.70098,172551,182,172369,34473.8,76549.47444,171408,3,1,1,0,0,1,0,296,200,50.87016239,33.91344159,0,4355,796.8,1621.887622,2630519.457,1,2,1,2,14,0,0,0,0.666666667,796.8,39.66666667,1932.5,0,0,0,0,0,0,0,23,0,773,29200,235,1,32,0.0,0.0,0,0,0.0,0.0,0,0,-1,-1,176921,DoS Hulk,-1,DoS
2886729729,57908,3232238130,80,6,2026-09-12 00:42:06,173434,9,5,324,11595,324,0,36.0,108.0,10147,0,2319.0,4420.67608,68723.54902,80.72234971,13341.07692,40415.32574,146520,3,173434,21679.25,51740.51813,148513,3,149695,37423.75,72743.95248,146520,5,1,1,0,0,1,0,296,168,51.8929391,28.82941061,0,10147,851.3571429,2703.501479,7308920.247,1,2,1,2,13,0,0,0,0.555555556,851.3571429,36.0,2319.0,0,0,0,0,0,0,0,23,0,828,29200,235,1,32,0.0,0.0,0,0,0.0,0.0,0,0,-1,-1,173434,DoS Hulk,-1,DoS
2886729729,56261,3232238130,80,6,2026-09-12 00:42:36,6124189,8,6,20,11595,20,0,2.5,7.071067812,5840,0,1932.5,2993.93679,1896.577653,2.286016973,471091.4615,1316663.478,4644178,2,6124189,874884.1429,1750027.505,4644178,2,1469828,293965.6,649570.2272,1455911,3,1,1,0,0,1,0,172,132,1.306295413,0.97972156,0,5840,829.6428571,2104.75146,4429978.709,2,2,1,2,13,0,0,0,0.75,829.6428571,2.5,1932.5,0,0,0,0,0,0,0,1,0,828,8192,229,1,20,0.0,0.0,0,0,0.0,0.0,0,0,-1,-1,6124189,DDoS,-1,DDoS
2886729729,50122,3232238131,84,6,2026-09-12 00:44:36,52,1,1,0,0,0,0,0.0,0.0,0,0,0.0,0.0,0.0,38461.53846,52.0,0.0,52,52,0,0.0,0.0,0,0,0,0.0,0.0,0,0,0,0,0,0,0,1,24,20,19230.76923,19230.76923,0,0,0.0,0.0,0.0,0,1,1,0,1,0,0,0,1.0,0.0,0.0,0.0,0,0,0,0,0,0,0,0,0,0,1024,0,0,24,0.0,0.0,0,0,0.0,0.0,0,0,-1,-1,52,Infiltration - Portscan,-1,Infiltration
2886729729,58551,3232238130,80,6,2026-09-12 00:48:48,11201759,7,6,20,11595,20,0,2.857142857,7.55928946,5840,0,1932.5,2202.130219,1036.890724,1.16053202,933479.9167,2830982.224,9838476,82,11201759,1866959.833,3942368.039,9838476,243,1358657,271731.4,602261.5321,1349067,90,1,1,0,0,1,0,152,132,0.624901857,0.535630163,0,5840,893.4615385,1738.703282,3023089.103,1,2,1,2,12,0,0,0,0.857142857,893.4615385,2.857142857,1932.5,0,0,0,11595,4,26412300,0,1,0,891,8192,229,1,20,1363283.0,0.0,1363283,1363283,9838476.0,0.0,9838476,9838476,-1,-1,11201759,DDoS,-1,DDoS
2886729729,58252,3232238130,80,6,2026-09-12 00:57:30,79478264,5,2,0,0,0,0,0.0,0.0,0,0,0.0,0.0,0.0,0.088074395,13246377.33,15601523.58,32032891,55,79478264,19869566.0,15173253.01,32032891,890,31412809,31412809.0,0.0,31412809,31412809,0,0,0,0,0,0,184,80,0.062910282,0.025164113,0,0,0.0,0.0,0.0,0,5,0,0,4,0,0,0,0.4,0.0,0.0,0.0,0,0,0,0,0,0,0,0,0,0,29200,28960,0,32,890.0,0.0,890,890,26492221.0,9064310.315,32032891,16031798,-1,-1,79478264,DoS Hulk - Attempted,0,DoS
2886729729,58388,3232238130,80,6,2026-09-12 00:57:36,79622691,5,2,0,0,0,0,0.0,0.0,0,0,0.0,0.0,0.0,0.087914637,13270448.5,15637471.95,32064118,49,79622691,19905672.75,15214089.28,32064118,3086,31541122,31541122.0,0.0,31541122,31541122,0,0,0,0,0,0,184,80,0.062796169,0.025118468,0,0,0.0,0.0,0.0,0,5,0,0,4,0,0,0,0.4,0.0,0.0,0.0,0,0,0,0,0,0,0,0,0,0,29200,28960,0,32,3086.0,0.0,3086,3086,26539512.67,9117133.806,32064118,16016335,-1,-1,79622691,DoS Hulk - Attempted,0,DoS
3232238085,54331,1746124902,443,6,2026-09-12 00:59:06,4052884,6,3,123,46,46,0,20.5,23.11493024,46,0,15.33333333,26.55811238,41.69870147,2.220640907,506610.5,1400162.042,3971579,4,4052884,810576.8,1767254.556,3971579,4,4037665,2018832.5,2855054.645,4037661,4,3,1,0,0,0,0,120,60,1.480427271,0.740213636,0,46,18.77777778,22.7364123,516.9444444,2,0,0,4,9,0,0,0,0.5,18.77777778,20.5,15.33333333,0,0,0,0,0,0,0,13,0,5,256,32,2,20,0.0,0.0,0,0,0.0,0.0,0,0,-1,-1,180460600,BENIGN,-1,BENIGN
2886729729,58837,3232238130,80,6,2026-09-12 01:00:00,10945720,8,4,20,11595,20,0,2.5,7.071067812,8760,0,2898.75,4129.722297,1061.145361,1.096318926,995065.4545,3241569.828,10767734,1,10945720,1563674.286,4059075.356,10767734,1,168819,56273.0,88889.3505,158761,184,1,1,0,0,1,0,172,92,0.730879284,0.365439642,0,8760,967.9166667,2585.4993,6684806.629,1,2,1,2,11,0,0,0,0.5,967.9166667,2.5,2898.75,0,0,0,0,0,0,0,1,0,966,8192,229,1,20,177986.0,0.0,177986,177986,10767734.0,0.0,10767734,10767734,-1,-1,10945720,DDoS,-1,DDoS
2886729729,59246,3232238130,80,6,2026-09-12 01:13:00,9813778,8,5,20,11595,20,0,2.5,7.071067812,7215,0,2319.0,3329.858105,1183.540121,1.324668237,817814.8333,2318230.025,7989322,3,9813778,1401968.286,2983141.91,7989322,48,1820689,455172.25,909935.1867,1820075,3,1,1,0,0,1,0,172,112,0.815180453,0.509487783,0,7215,893.4615385,2252.100302,5071955.769,1,2,1,2,12,0,0,0,0.625,893.4615385,2.5,2319.0,0,0,0,0,0,0,0,1,0,891,8192,229,1,20,1824456.0,0.0,1824456,1824456,7989322.0,0.0,7989322,7989322,-1,-1,9813778,DDoS,-1,DDoS
3232238105,57143,3232238083,53,17,2026-09-12 01:13:48,160,2,2,90,212,45,45,45.0,0.0,106,106,106.0,0.0,1887500.0,25000.0,53.33333333,85.44783984,152,4,4,4.0,0.0,4,4,4,4.0,0.0,4,4,0,0,0,0,0,0,16,16,12500.0,12500.0,45,106,75.5,35.21836642,1240.333333,0,0,0,0,0,0,0,0,1.0,75.5,45.0,106.0,0,0,0,0,0,0,0,22,0,53,0,0,1,8,0.0,0.0,0,0,0.0,0.0,0,0,-1,-1,0,BENIGN,-1,BENIGN
3232238085,123,3232238083,123,17,2026-09-12 01:27:30,81107564,8,8,384,384,48,48,48.0,0.0,48,48,48.0,0.0,9.46890724,0.197268901,5407170.933,16700801.42,64015184,3,81107466,11586780.86,23817484.79,64015265,3,81107460,11586780.0,23817494.33,64015282,3,0,0,0,0,0,0,64,64,0.09863445,0.09863445,48,48,48.0,0.0,0.0,0,0,0,0,0,0,0,0,1.0,48.0,48.0,48.0,0,0,0,0,0,0,0,24,0,24,0,0,7,8,748491.5,1058406.622,1496898,85,39805240.0,34238031.15,64015184,15595296,-1,-1,0,BENIGN,-1,BENIGN
2886729729,59696,3232238130,80,6,2026-09-12 01:30:54,3960897,7,4,20,11595,20,0,2.857142857,7.55928946,8760,0,2898.75,4129.722297,2932.416571,2.777148712,396089.7,1238181.894,3919941,1,3960897,660149.5,1596996.253,3919941,1,16883,5627.666667,9005.983141,16023,184,1,1,0,0,1,0,152,92,1.767276453,1.009872259,0,8760,1055.909091,2692.783707,7251084.091,1,2,1,2,10,0,0,0,0.571428571,1055.909091,2.857142857,2898.75,0,0,0,0,0,0,0,1,0,1054,8192,229,1,20,0.0,0.0,0,0,0.0,0.0,0,0,-1,-1,3960897,DDoS,-1,DDoS
2886729729,57738,3232238130,80,6,2026-09-12 01:38:54,8223916,8,5,20,11595,20,0,2.5,7.071067812,5840,0,2319.0,2438.2586,1412.344192,1.580755445,685326.3333,2350760.678,8149940,4,8223916,1174845.143,3075766.788,8149940,4,44929,11232.25,12383.74551,22832,193,1,1,0,0,1,0,172,112,0.972772582,0.607982864,0,5840,893.4615385,1832.395273,3357672.436,1,2,1,2,12,0,0,0,0.625,893.4615385,2.5,2319.0,0,0,0,0,0,0,0,1,0,891,8192,229,1,20,73976.0,0.0,73976,73976,8149940.0,0.0,8149940,8149940,-1,-1,8223916,DDoS,-1,DDoS
3232238089,50931,3232238083,53,17,2026-09-12 01:39:30,1803780,4,4,152,452,45,31,38.0,8.082903769,120,106,113.0,8.082903769,334.8523656,4.43513067,257682.8571,668014.0267,1772368,1,1772566,590855.3333,1023387.993,1772562,1,1803588,601196.0,1041256.984,1803536,3,0,0,0,0,0,0,32,32,2.217565335,2.217565335,31,120,75.5,40.78164853,1663.142857,0,0,0,0,0,0,0,0,1.0,75.5,38.0,113.0,0,0,0,0,0,0,0,19,0,56,0,0,3,8,0.0,0.0,0,0,0.0,0.0,0,0,-1,-1,0,BENIGN,-1,BENIGN
2886729729,58033,3232238130,80,6,2026-09-12 01:49:00,9979266,8,6,20,11595,20,0,2.5,7.071067812,10135,0,1932.5,4060.603096,1163.913258,1.402908791,767635.8462,2719476.534,9818059,4,9979266,1425609.429,3701137.826,9818059,4,123881,24776.2,47127.85988,108358,5,1,1,0,0,1,0,172,132,0.801662166,0.601246625,0,10135,829.6428571,2706.316304,7324147.94,2,2,1,2,13,0,0,0,0.75,829.6428571,2.5,1932.5,0,0,0,0,0,0,0,1,0,828,8192,229,1,20,161207.0,0.0,161207,161207,9818059.0,0.0,9818059,9818059,-1,-1,9979266,DDoS,-1,DDoS
2886729729,21920,3232238130,80,6,2026-09-12 01:53:12,2386964,7,4,20,11595,20,0,2.857142857,7.55928946,8760,0,2898.75,4129.722297,4866.013899,4.608364433,238696.4,551920.6667,1700233,2,2386964,397827.3333,688163.4117,1700233,2,681724,227241.3333,364405.806,647568,175,1,1,0,0,1,0,152,92,2.932595548,1.675768885,0,8760,1055.909091,2692.783707,7251084.091,1,2,1,2,10,0,0,0,0.571428571,1055.909091,2.857142857,2898.75,0,0,0,0,0,0,0,1,0,1054,8192,229,1,20,0.0,0.0,0,0,0.0,0.0,0,0,-1,-1,2386964,DDoS,-1,DDoS
3232238131,51199,2731876658,443,6,2026-09-12 01:54:12,812919,10,11,703,3950,267,0,70.3,100.477803,1448,0,359.0909091,569.9183195,5723.817502,25.83283205,40645.95,50263.7705,122851,3,717943,79771.44444,69337.08966,218482,210,716479,71647.9,68055.51313,196481,3,4,3,0,0,0,0,328,360,12.3013486,13.53148346,0,1448,221.5714286,434.4990876,188789.4571,2,2,0,7,20,0,0,0,1.1,221.5714286,70.3,359.0909091,0,0,0,0,0,0,0,33,0,188,29200,252,4,32,0.0,0.0,0,0,0.0,0.0,0,0,-1,-1,812919,BENIGN,-1,BENIGN
2886729729,58396,3232238130,80,6,2026-09-12 02:01:36,9489451,7,6,20,11595,20,0,2.857142857,7.55928946,5840,0,1932.5,2540.743494,1223.990724,1.369942265,790787.5833,2320359.411,8041242,2,9489451,1581575.167,3216997.941,8041242,3,1438747,287749.4,642892.3506,1437790,2,1,1,0,0,1,0,152,132,0.73766122,0.632281046,0,5840,893.4615385,1921.524335,3692255.769,1,2,1,2,12,0,0,0,0.857142857,893.4615385,2.857142857,1932.5,0,0,0,0,0,0,0,1,0,891,8192,229,1,20,1448209.0,0.0,1448209,1448209,8041242.0,0.0,8041242,8041242,-1,-1,9489451,DDoS,-1,DDoS
3232238105,50099,3002054374,443,6,2026-09-12 02:04:30,24551868,16,12,888,10704,405,0,55.5,116.802968,2821,0,892.0,914.412479,472.1433009,1.140442756,909328.4444,4598454.591,23917482,0,24551868,1636791.2,6164009.012,23917482,1,24435613,2221419.364,7234917.052,24034725,48,6,4,0,0,2,0,500,392,0.651681575,0.488761181,0,2821,414.0,725.2192516,525942.963,2,2,2,10,25,0,0,0,0.75,414.0,55.5,892.0,0,0,0,4891,4,6573924,0,31,0,382,65535,243,6,20,517038.0,0.0,517038,517038,23917482.0,0.0,23917482,23917482,-1,-1,24551868,BENIGN,-1,BENIGN
3232238088,52824,1466577179,443,6,2026-09-12 02:14:18,466034,7,8,1422,763,854,0,203.1428571,344.0777182,580,0,95.375,202.7291913,4688.499122,32.18649283,33288.14286,52282.19877,112936,1,353588,58931.33333,64536.27306,126993,85,353275,50467.85714,58777.19097,113337,1,3,3,0,0,0,0,152,172,15.02036332,17.16612951,0,854,145.6666667,272.7360489,74384.95238,2,2,0,6,14,0,0,0,1.142857143,145.6666667,203.1428571,95.375,0,0,0,0,0,0,0,94,0,50,8192,250,3,20,0.0,0.0,0,0,0.0,0.0,0,0,-1,-1,466034,BENIGN,-1,BENIGN
2886729729,59114,3232238130,80,6,2026-09-12 02:16:00,102641722,14,3,2541,0,231,0,181.5,98.36333745,0,0,0.0,0.0,24.75601491,0.165624657,6415107.625,13222532.43,51327648,4,102641705,7895515.769,14348590.11,51327648,4,102641701,51320850.5,28041413.3,71149124,31492577,11,0,0,0,0,1,456,100,0.136396776,0.029227881,0,231,149.4705882,113.7887943,12947.88971,0,3,1,11,15,0,0,0,0.214285714,149.4705882,181.5,0.0,1155,5,722,0,0,0,0,149,0,0,29200,0,11,32,3205570.0,4532694.475,6410669,471,19246113.0,18809445.56,51327648,5842273,-1,-1,102641722,DoS Slowloris,-1,DoS
2886729729,22606,3232238130,80,6,2026-09-12 02:19:12,12106187,9,5,20,11595,20,0,2.222222222,6.666666667,11595,0,2319.0,5185.44164,959.4267791,1.156433483,931245.1538,3333161.662,12024637,3,12106187,1513273.375,4247274.107,12024637,3,45681,11420.25,12434.55412,27582,765,1,1,0,0,1,0,192,112,0.743421525,0.413011958,0,11595,829.6428571,3098.487512,9600624.863,2,2,1,2,13,0,0,0,0.555555556,829.6428571,2.222222222,2319.0,0,0,0,0,0,0,0,1,0,828,8192,229,1,20,81550.0,0.0,81550,81550,12024637.0,0.0,12024637,12024637,-1,-1,12106187,DDoS,-1,DDoS
3232238097,29469,3232238083,53,17,2026-09-12 02:28:06,210,2,2,64,96,32,32,32.0,0.0,48,48,48.0,0.0,761904.7619,19047.61905,70.0,116.0474041,204,3,3,3.0,0.0,3,3,3,3.0,0.0,3,3,0,0,0,0,0,0,16,16,9523.809524,9523.809524,32,48,40.0,9.237604307,85.33333333,0,0,0,0,0,0,0,0,1.0,40.0,32.0,48.0,0,0,0,0,0,0,0,16,0,24,0,0,1,8,0.0,0.0,0,0,0.0,0.0,0,0,-1,-1,0,BENIGN,-1,BENIGN
2886729729,58943,3232238130,80,6,2026-09-12 02:29:12,2091125,7,4,20,11595,20,0,2.857142857,7.55928946,8760,0,2898.75,4129.722297,5554.426445,5.260326379,209112.5,637579.2574,2022953,1,2091125,348520.8333,820683.841,2022953,1,62635,20878.33333,33024.32522,58964,187,1,1,0,0,1,0,152,92,3.347480423,1.912845956,0,8760,1055.909091,2692.783707,7251084.091,1,2,1,2,10,0,0,0,0.571428571,1055.909091,2.857142857,2898.75,0,0,0,0,0,0,0,1,0,1054,8192,229,1,20,0.0,0.0,0,0,0.0,0.0,0,0,-1,-1,2091125,DDoS,-1,DDoS
2886729729,59392,3232238130,80,6,2026-09-12 02:37:24,9868689,8,5,20,11595,20,0,2.5,7.071067812,7300,0,2319.0,3023.657553,1176.95471,1.317297566,822390.75,2336586.36,8064862,57,9868689,1409812.714,3007759.466,8064862,220,1797214,449303.5,879849.0858,1768930,82,1,1,0,0,1,0,172,112,0.810644656,0.50665291,0,7300,893.4615385,2103.205277,4423472.436,1,2,1,2,12,0,0,0,0.625,893.4615385,2.5,2319.0,0,0,0,0,0,0,0,1,0,891,8192,229,1,20,1803827.0,0.0,1803827,1803827,8064862.0,0.0,8064862,8064862,-1,-1,9868689,DDoS,-1,DDoS
2886729729,61855,3232238130,80,6,2026-09-12 02:47:24,13109657,10,5,20,11595,20,0,2.0,6.32455532,11595,0,2319.0,5185.44164,885.9880926,1.144194696,936404.0714,3285663.805,12332459,1,13109657,1456628.556,4085979.582,12332459,1,740055,185013.75,361225.1381,726780,49,1,1,0,0,1,0,212,112,0.762796464,0.381398232,0,11595,774.3333333,2993.451703,8960753.095,2,2,1,2,14,0,0,0,0.5,774.3333333,2.0,2319.0,0,0,0,0,0,0,0,1,0,773,8192,229,1,20,777198.0,0.0,777198,777198,12332459.0,0.0,12332459,12332459,-1,-1,13109657,DDoS,-1,DDoS
3232238130,52047,3232238083,53,17,2026-09-12 02:48:00,145,2,2,64,96,32,32,32.0,0.0,48,48,48.0,0.0,1103448.276,27586.2069,48.33333333,80.25791757,141,1,3,3.0,0.0,3,3,1,1.0,0.0,1,1,0,0,0,0,0,0,16,16,13793.10345,13793.10345,32,48,40.0,9.237604307,85.33333333,0,0,0,0,0,0,0,0,1.0,40.0,32.0,48.0,0,0,0,0,0,0,0,16,0,24,0,0,1,8,0.0,0.0,0,0,0.0,0.0,0,0,-1,-1,0,BENIGN,-1,BENIGN
2886729729,59308,3232238130,80,6,2026-09-12 02:49:12,102665655,14,3,2541,0,231,0,181.5,98.36333745,0,0,0.0,0.0,24.75024389,0.165586047,6416603.438,13232345.32,51327306,79,102665576,7897352.0,14359691.23,51327306,329,102665574,51332787.0,28210556.78,71280663,31384911,11,0,0,0,0,1,456,100,0.13636498,0.029221067,0,231,149.4705882,113.7887943,12947.88971,0,3,1,11,15,0,0,0,0.214285714,149.4705882,181.5,0.0,1155,5,722,0,0,0,0,149,0,0,29200,0,11,32,3205634.0,4532739.729,6410765,503,19250861.6,18831275.73,51327306,5710630,-1,-1,102665655,DoS Slowloris,-1,DoS
2886729729,23730,3232238130,80,6,2026-09-12 03:02:36,4807735,7,6,20,11595,20,0,2.857142857,7.55928946,5840,0,1932.5,2540.743494,2415.898547,2.703975989,400644.5833,1180762.549,4093528,2,4807735,801289.1667,1637878.084,4093528,49,711656,142331.2,317855.3959,710928,2,1,1,0,0,1,0,152,132,1.455987071,1.247988918,0,5840,893.4615385,1921.524335,3692255.769,1,2,1,2,12,0,0,0,0.857142857,893.4615385,2.857142857,1932.5,0,0,0,0,0,0,0,1,0,891,8192,229,1,20,0.0,0.0,0,0,0.0,0.0,0,0,-1,-1,4807735,DDoS,-1,DDoS
3232238083,60722,3232238081,53,17,2026-09-12 03:03:00,102930938,2,2,88,274,48,40,44.0,5.656854249,162,112,137.0,35.35533906,3.51692122,0.038861008,34310312.67,59178765.14,102644043,96355,102740398,102740398.0,0.0,102740398,102740398,102834583,102834583.0,0.0,102834583,102834583,0,0,0,0,0,0,16,16,0.019430504,0.019430504,40,162,90.5,57.53549629,3310.333333,0,0,0,0,0,0,0,0,1.0,90.5,44.0,137.0,0,0,0,0,0,0,0,22,0,68,0,0,1,8,96355.0,0.0,96355,96355,102644043.0,0.0,102644043,102644043,-1,-1,0,BENIGN,-1,BENIGN
2886729729,23953,3232238130,80,6,2026-09-12 03:11:24,8011908,8,5,20,11595,20,0,2.5,7.071067812,7215,0,2319.0,3329.858105,1449.717096,1.622584783,667659.0,1814277.131,6185016,1,8011908,1144558.286,2324337.177,6185016,1,1818339,454584.75,908436.2568,1817239,7,1,1,0,0,1,0,172,112,0.998513712,0.62407107,0,7215,893.4615385,2252.100302,5071955.769,1,2,1,2,12,0,0,0,0.625,893.4615385,2.5,2319.0,0,0,0,0,0,0,0,1,0,891,8192,229,1,20,1826892.0,0.0,1826892,1826892,6185016.0,0.0,6185016,6185016,-1,-1,8011908,DDoS,-1,DDoS
2886729729,60517,3232238130,80,6,2026-09-12 03:19:30,3789905,7,4,20,11595,20,0,2.857142857,7.55928946,8760,0,2898.75,4129.722297,3064.72062,2.902447423,378990.5,1181652.386,3741942,5,3789905,631650.8333,1523761.732,3741942,5,24389,8129.666667,12834.27229,22945,409,1,1,0,0,1,0,152,92,1.847011996,1.055435426,0,8760,1055.909091,2692.783707,7251084.091,1,2,1,2,10,0,0,0,0.571428571,1055.909091,2.857142857,2898.75,0,0,0,0,0,0,0,1,0,1054,8192,229,1,20,0.0,0.0,0,0,0.0,0.0,0,0,-1,-1,3789905,DDoS,-1,DDoS
3232238092,55718,3114771495,80,6,2026-09-12 03:25:24,15695277,7,5,395,199,395,0,56.42857143,149.2959668,199,0,39.8,88.9955055,37.84577998,0.764561212,1426843.364,3300552.078,10045653,40,15695277,2615879.5,4258008.921,10045653,149,15662036,3915509.0,4867012.153,10080053,506,1,1,0,0,0,0,232,168,0.44599404,0.318567172,0,395,49.5,122.927547,15111.18182,2,2,0,2,11,0,0,0,0.714285714,49.5,56.42857143,39.8,0,0,0,0,0,0,0,32,0,16,29200,16384,1,32,50817.5,23274.4197,67275,34360,7780157.5,3203894.462,10045653,5514662,-1,-1,15695277,BENIGN,-1,BENIGN
2886729729,60752,3232238130,80,6,2026-09-12 03:27:36,6087809,8,5,20,11595,20,0,2.5,7.071067812,7215,0,2319.0,2992.716993,1907.911368,2.135415221,507317.4167,1305783.33,4343897,4,6087809,869687.0,1663167.728,4343897,4,1728262,432065.5,861758.2553,1724701,49,1,1,0,0,1,0,172,112,1.314101674,0.821313546,0,7215,893.4615385,2088.401886,4361422.436,1,2,1,2,12,0,0,0,0.625,893.4615385,2.5,2319.0,0,0,0,0,0,0,0,1,0,891,8192,229,1,20,0.0,0.0,0,0,0.0,0.0,0,0,-1,-1,6087809,DDoS,-1,DDoS
2886729729,63285,3232238130,80,6,2026-09-12 03:39:42,9932894,8,6,20,11595,20,0,2.5,7.071067812,4380,0,1932.5,1759.107018,1169.34702,1.409458311,764068.7692,2737778.595,9875886,0,9932894,1418984.857,3729165.361,9875886,0,43075,8615.0,15949.32502,36899,48,1,1,0,0,1,0,172,132,0.805404749,0.604053562,0,4380,829.6428571,1473.972216,2172594.093,1,2,1,2,13,0,0,0,0.75,829.6428571,2.5,1932.5,0,0,0,11595,4,10907808,0,1,0,828,8192,229,1,20,57008.0,0.0,57008,57008,9875886.0,0.0,9875886,9875886,-1,-1,9932894,DDoS,-1,DDoS
3232238096,53250,1396870188,80,6,2026-09-12 03:45:12,116421008,22,20,867,5159,472,0,39.40909091,128.107343,1460,0,257.95,531.5969462,51.76041767,0.360759632,2839536.78,4479552.535,10209762,1,116421008,5543857.524,5082619.546,10347990,48,116282968,6120156.211,5017530.559,10348042,1,2,2,0,0,0,0,460,404,0.188969331,0.171790301,0,1460,143.4761905,389.3176168,151568.2067,2,2,0,4,41,0,0,0,0.909090909,143.4761905,39.40909091,257.95,0,0,0,3522,4,3900332,0,20,0,122,29200,8190,2,20,165064.6364,88959.69008,433288,137971,10102590.82,46298.37319,10209762,10002874,-1,-1,116421008,BENIGN,-1,BENIGN
2886729729,63576,3232238130,80,6,2026-09-12 03:49:42,11964634,8,5,20,11595,20,0,2.5,7.071067812,7300,0,2319.0,3023.657553,970.7777104,1.086535535,997052.8333,2965727.493,10292695,3,11964634,1709233.429,3834962.178,10292695,3,1666878,416719.5,825854.7934,1655478,184,1,1,0,0,1,0,172,112,0.668637252,0.417898283,0,7300,893.4615385,2103.205277,4423472.436,1,2,1,2,12,0,0,0,0.625,893.4615385,2.5,2319.0,0,0,0,0,0,0,0,1,0,891,8192,229,1,20,1671939.0,0.0,1671939,1671939,10292695.0,0.0,10292695,10292695,-1,-1,11964634,DDoS,-1,DDoS
2886729729,54212,3232238130,80,6,2026-09-12 04:00:48,37,1,1,8,0,8,8,8.0,0.0,0,0,0.0,0.0,216216.2162,54054.05405,37.0,0.0,37,37,0,0.0,0.0,0,0,0,0.0,0.0,0,0,1,0,0,0,0,0,32,32,27027.02703,27027.02703,0,8,4.0,5.656854249,32.0,0,0,0,1,2,0,0,0,1.0,4.0,8.0,0.0,0,0,0,0,0,0,0,4,0,0,229,235,0,32,0.0,0.0,0,0,0.0,0.0,0,0,-1,-1,891204899,DoS Slowloris,-1,DoS
2886729729,61642,3232238130,80,6,2026-09-12 04:01:30,8060893,8,5,20,11595,20,0,2.5,7.071067812,7300,0,2319.0,3023.657553,1440.907354,1.612724546,671741.0833,2275620.671,7896901,4,8060893,1151556.143,2974828.031,7896901,4,152932,38233.0,60035.66011,126397,191,1,1,0,0,1,0,172,112,0.992445874,0.620278671,0,7300,893.4615385,2103.205277,4423472.436,1,2,1,2,12,0,0,0,0.625,893.4615385,2.5,2319.0,0,0,0,0,0,0,0,1,0,891,8192,229,1,20,163992.0,0.0,163992,163992,7896901.0,0.0,7896901,7896901,-1,-1,8060893,DDoS,-1,DDoS
3232238095,49402,3232238083,53,17,2026-09-12 04:02:06,148,2,2,102,134,51,51,51.0,0.0,67,67,67.0,0.0,1594594.595,27027.02703,49.33333333,46.01449047,96,4,4,4.0,0.0,4,4,48,48.0,0.0,48,48,0,0,0,0,0,0,16,16,13513.51351,13513.51351,51,67,59.0,9.237604307,85.33333333,0,0,0,0,0,0,0,0,1.0,59.0,51.0,67.0,0,0,0,0,0,0,0,25,0,33,0,0,1,8,0.0,0.0,0,0,0.0,0.0,0,0,-1,-1,0,BENIGN,-1,BENIGN
2886729729,64061,3232238130,80,6,2026-09-12 04:07:42,5774840,8,6,20,11595,20,0,2.5,7.071067812,4380,0,1932.5,1759.107018,2011.311136,2.424309591,444218.4615,1188289.121,4084871,3,5774840,824977.1429,1568061.103,4084871,3,1685361,337072.2,750899.0365,1680317,14,1,1,0,0,1,0,172,132,1.385319766,1.038989825,0,4380,829.6428571,1473.972216,2172594.093,1,2,1,2,13,0,0,0,0.75,829.6428571,2.5,1932.5,0,0,0,11595,4,21754221,0,1,0,828,8192,229,1,20,0.0,0.0,0,0,0.0,0.0,0,0,-1,-1,5774840,DDoS,-1,DDoS
3232238105,57015,3232238083,53,17,2026-09-12 04:17:48,772713,2,2,58,242,29,29,29.0,0.0,121,121,121.0,0.0,388.2424652,5.176566202,257571.0,446120.8624,772707,3,3,3.0,0.0,3,3,3,3.0,0.0,3,3,0,0,0,0,0,0,16,16,2.588283101,2.588283101,29,121,75.0,53.11622477,2821.333333,0,0,0,0,0,0,0,0,1.0,75.0,29.0,121.0,0,0,0,0,0,0,0,14,0,60,0,0,1,8,0.0,0.0,0,0,0.0,0.0,0,0,-1,-1,0,BENIGN,-1,BENIGN
2886729729,64395,3232238130,80,6,2026-09-12 04:20:36,3994906,8,4,20,11595,20,0,2.5,7.071067812,8760,0,2898.75,4129.722297,2907.452641,3.003825372,363173.2727,981119.5926,3251933,3,3994906,570700.8571,1212011.656,3251933,3,729197,243065.6667,402713.6584,707923,195,1,1,0,0,1,0,172,92,2.002550248,1.001275124,0,8760,967.9166667,2585.4993,6684806.629,1,2,1,2,11,0,0,0,0.5,967.9166667,2.5,2898.75,0,0,0,0,0,0,0,1,0,966,8192,229,1,20,0.0,0.0,0,0,0.0,0.0,0,0,-1,-1,3994906,DDoS,-1,DDoS
2886729729,62379,3232238130,80,6,2026-09-12 04:28:36,4028922,7,5,20,11595,20,0,2.857142857,7.55928946,4380,0,2319.0,2208.914892,2882.905154,2.978464214,366265.6364,993813.0746,3295952,3,4028922,671487.0,1316002.435,3295952,3,722488,180622.0,345665.7675,698863,157,1,1,0,0,1,0,152,112,1.737437458,1.241026756,0,4380,967.9166667,1787.941247,3196733.902,1,2,1,2,11,0,0,0,0.714285714,967.9166667,2.857142857,2319.0,0,0,0,0,0,0,0,1,0,966,8192,229,1,20,0.0,0.0,0,0,0.0,0.0,0,0,-1,-1,4028922,DDoS,-1,DDoS
2886729729,64881,3232238130,80,6,2026-09-12 04:38:00,9333570,9,6,20,11595,20,0,2.222222222,6.666666667,5840,0,1932.5,2993.93679,1244.43273,1.607102106,666683.5714,2306087.551,8656842,1,9333570,1166696.25,3035271.222,8656842,1,658918,131783.6,286846.7958,644814,3,1,1,0,0,1,0,192,132,0.964261263,0.642840842,0,5840,774.3333333,2039.470228,4159438.81,2,2,1,2,14,0,0,0,0.666666667,774.3333333,2.222222222,1932.5,0,0,0,0,0,0,0,1,0,773,8192,229,1,20,676728.0,0.0,676728,676728,8656842.0,0.0,8656842,8656842,-1,-1,9333570,DDoS,-1,DDoS
2886729729,59852,3232238130,80,6,2026-09-12 04:38:54,3002867,3,0,0,0,0,0,0.0,0.0,0,0,0.0,0.0,0.0,0.999045246,1501433.5,710989.5045,2004179,998688,3002867,1501433.5,710989.5045,2004179,998688,0,0.0,0.0,0,0,0,0,0,0,0,0,120,0,0.999045246,0.0,0,0,0.0,0.0,0.0,0,3,0,0,0,0,0,0,0.0,0.0,0.0,0.0,0,0,0,0,0,0,1,0,0,0,29200,0,0,40,0.0,0.0,0,0,0.0,0.0,0,0,-1,-1,3002867,DoS Slowloris - Attempted,0,DoS
3232238096,56138,3237210170,443,6,2026-09-12 04:39:42,16232979,13,10,1251,3242,661,0,96.23076923,198.8161436,1460,0,324.2,554.7329287,276.7822222,1.416868709,737862.6818,2371466.521,10002305,3,16232979,1352748.25,3151278.43,10002305,16,16131455,1792383.889,3611147.079,10103511,3,4,4,0,0,0,0,280,212,0.800838836,0.616029874,0,1460,195.3478261,401.0007491,160801.6008,2,2,0,8,22,0,0,0,0.769230769,195.3478261,96.23076923,324.2,0,0,0,0,0,0,0,54,0,140,29200,10227,4,20,327674.5,320355.4343,554200,101149,7738135.5,3202019.214,10002305,5473966,-1,-1,16232979,BENIGN,-1,BENIGN
2886729729,26090,3232238130,80,6,2026-09-12 04:44:42,8700237,9,6,20,11595,20,0,2.222222222,6.666666667,8675,0,1932.5,3503.560689,1335.021103,1.724090964,621445.5,1953811.481,7289291,3,8700237,1087529.625,2553337.488,7289291,3,1393780,278756.0,614458.0637,1377874,4,1,1,0,0,1,0,192,132,1.034454579,0.689636386,0,8675,774.3333333,2311.285099,5342038.81,2,2,1,2,14,0,0,0,0.666666667,774.3333333,2.222222222,1932.5,0,0,0,0,0,0,0,1,0,773,8192,229,1,20,1410946.0,0.0,1410946,1410946,7289291.0,0.0,7289291,7289291,-1,-1,8700237,DDoS,-1,DDoS
2886729729,63113,3232238130,80,6,2026-09-12 04:55:30,12601687,8,6,20,11595,20,0,2.5,7.071067812,2920,0,1932.5,1497.270016,921.7019912,1.110962366,969360.5385,3329294.136,12039675,4,12601687,1800241.0,4519344.762,12039675,4,554543,110908.6,229497.3538,520623,45,1,1,0,0,1,0,172,132,0.634835637,0.476126728,0,2920,829.6428571,1358.181001,1844655.632,1,2,1,2,13,0,0,0,0.75,829.6428571,2.5,1932.5,0,0,0,11595,4,40827464,0,1,0,828,8192,229,1,20,562012.0,0.0,562012,562012,12039675.0,0.0,12039675,12039675,-1,-1,12601687,DDoS,-1,DDoS
3232238092,3393,3232238083,53,17,2026-09-12 04:55:48,286,2,2,70,166,35,35,35.0,0.0,83,83,83.0,0.0,825174.8252,13986.01399,95.33333333,159.060785,279,3,3,3.0,0.0,3,3,4,4.0,0.0,4,4,0,0,0,0,0,0,16,16,6993.006993,6993.006993,35,83,59.0,27.71281292,768.0,0,0,0,0,0,0,0,0,1.0,59.0,35.0,83.0,0,0,0,0,0,0,0,17,0,41,0,0,1,8,0.0,0.0,0,0,0.0,0.0,0,0,-1,-1,0,BENIGN,-1,BENIGN
2886729729,63412,3232238130,80,6,2026-09-12 05:06:06,1952742,8,6,20,11595,20,0,2.5,7.071067812,4380,0,1932.5,2179.47184,5948.046388,7.169405892,150210.9231,383801.3202,1260870,16,1952742,278963.1429,503914.9786,1263788,111,1262133,252426.6,563737.1439,1260870,16,1,1,0,0,1,0,172,132,4.096803367,3.072602525,0,4380,829.6428571,1676.120136,2809378.709,1,2,1,2,13,0,0,0,0.75,829.6428571,2.5,1932.5,0,0,0,0,0,0,0,1,0,828,8192,229,1,20,0.0,0.0,0,0,0.0,0.0,0,0,-1,-1,1952742,DDoS,-1,DDoS
3232238097,33563,1751222648,443,6,2026-09-12 05:14:00,116050724,24,22,912,4137,537,0,38.0,116.8503316,1797,0,188.0454545,487.4938317,43.50683758,0.396378397,2578904.978,4350245.994,10024898,1,116050724,5045683.652,5006259.14,10048028,1,116027462,5525117.238,4985162.393,10048739,1,4,4,0,0,3,0,740,712,0.20680612,0.189572277,0,1797,109.7608696,351.6031339,123624.7638,2,2,3,8,42,0,0,0,0.916666667,109.7608696,38.0,188.0454545,0,0,0,0,0,0,0,19,0,89,29200,1006,4,20,44081.16667,71582.72989,271386,23104,9624861.083,1358180.642,10024898,5312475,-1,-1,116050724,BENIGN,-1,BENIGN
3232238088,60216,3232238085,1311,6,2026-09-12 05:16:06,49,2,0,0,0,0,0,0.0,0.0,0,0,0.0,0.0,0.0,40816.32653,49.0,0.0,49,49,49,49.0,0.0,49,49,0,0.0,0.0,0,0,0,0,0,0,0,0,48,0,40816.32653,0.0,0,0,0.0,0.0,0.0,0,2,0,0,0,0,0,0,0.0,0.0,0.0,0.0,0,0,0,0,0,0,1,0,0,0,1024,0,0,24,0.0,0.0,0,0,0.0,0.0,0,0,-1,-1,49,Infiltration - Portscan,-1,Infiltration
3232238088,60217,3232238085,1051,6,2026-09-12 05:17:06,47,2,0,0,0,0,0,0.0,0.0,0,0,0.0,0.0,0.0,42553.19149,47.0,0.0,47,47,47,47.0,0.0,47,47,0,0.0,0.0,0,0,0,0,0,0,0,0,48,0,42553.19149,0.0,0,0,0.0,0.0,0.0,0,2,0,0,0,0,0,0,0.0,0.0,0.0,0.0,0,0,0,0,0,0,1,0,0,0,1024,0,0,24,0.0,0.0,0,0,0.0,0.0,0,0,-1,-1,47,Infiltration - Portscan,-1,Infiltration
3232238088,60217,3232238085,10215,6,2026-09-12 05:17:42,4,2,0,0,0,0,0,0.0,0.0,0,0,0.0,0.0,0.0,500000.0,4.0,0.0,4,4,4,4.0,0.0,4,4,0,0.0,0.0,0,0,0,0,0,0,0,0,48,0,500000.0,0.0,0,0,0.0,0.0,0.0,0,2,0,0,0,0,0,0,0.0,0.0,0.0,0.0,0,0,0,0,0,0,1,0,0,0,1024,0,0,24,0.0,0.0,0,0,0.0,0.0,0,0,-1,-1,4,Infiltration - Portscan,-1,Infiltration
2886729729,26789,3232238130,80,6,2026-09-12 05:18:12,9981737,8,6,20,11595,20,0,2.5,7.071067812,4380,0,1932.5,1759.107018,1163.625129,1.402561498,767825.9231,2278092.428,8168291,8,9981737,1425962.429,3047310.893,8168291,8,1808914,361782.8,800825.5581,1794302,16,1,1,0,0,1,0,172,132,0.801463713,0.601097785,0,4380,829.6428571,1473.972216,2172594.093,1,2,1,2,13,0,0,0,0.75,829.6428571,2.5,1932.5,0,0,0,11595,4,25539647,0,1,0,828,8192,229,1,20,1813446.0,0.0,1813446,1813446,8168291.0,0.0,8168291,8168291,-1,-1,9981737,DDoS,-1,DDoS
3232238088,60217,3232238085,32773,6,2026-09-12 05:18:24,47,2,0,0,0,0,0,0.0,0.0,0,0,0.0,0.0,0.0,42553.19149,47.0,0.0,47,47,47,47.0,0.0,47,47,0,0.0,0.0,0,0,0,0,0,0,0,0,48,0,42553.19149,0.0,0,0,0.0,0.0,0.0,0,2,0,0,0,0,0,0,0.0,0.0,0.0,0.0,0,0,0,0,0,0,1,0,0,0,1024,0,0,24,0.0,0.0,0,0,0.0,0.0,0,0,-1,-1,47,Infiltration - Portscan,-1,Infiltration
2886729729,60124,3232238130,80,6,2026-09-12 05:25:12,102668774,14,3,2541,0,231,0,181.5,98.36333745,0,0,0.0,0.0,24.74949199,0.165581017,6416798.375,13223086.37,51327296,75,102668681,7897590.846,14348999.29,51327296,649,102668699,51334349.5,28024991.45,71151011,31517688,11,0,0,0,0,1,456,100,0.136360837,0.029220179,0,231,149.4705882,113.7887943,12947.88971,0,3,1,11,15,0,0,0,0.214285714,149.4705882,181.5,0.0,1155,5,723,0,0,0,0,149,0,0,29200,0,11,32,3207165.5,4534940.953,6413853,478,19250870.0,18806959.39,51327296,5840109,-1,-1,102668774,DoS Slowloris,-1,DoS
2886729729,49870,3232238130,80,6,2026-09-12 05:28:12,6115882,9,7,20,11595,20,0,2.222222222,6.666666667,5840,0,1656.428571,2431.663892,1899.153712,2.616139422,407725.4667,1557822.009,6038827,3,6115882,764485.25,2131258.152,6038827,4,39567,6594.5,10537.0902,24757,3,1,1,0,0,1,0,192,152,1.471578425,1.144560997,0,5840,725.9375,1755.996601,3083524.063,2,2,1,2,15,0,0,0,0.777777778,725.9375,2.222222222,1656.428571,0,0,0,0,0,0,0,1,0,724,8192,229,1,20,77055.0,0.0,77055,77055,6038827.0,0.0,6038827,6038827,-1,-1,6115882,DDoS,-1,DDoS
3232238088,51766,3232238083,53,17,2026-09-12 05:29:54,60807,2,2,74,186,37,37,37.0,0.0,93,93,93.0,0.0,4275.823507,65.78190011,20269.0,35063.64345,60757,3,3,3.0,0.0,3,3,47,47.0,0.0,47,47,0,0,0,0,0,0,16,16,32.89095006,32.89095006,37,93,65.0,32.33161507,1045.333333,0,0,0,0,0,0,0,0,1.0,65.0,37.0,93.0,0,0,0,0,0,0,0,18,0,46,0,0,1,8,0.0,0.0,0,0,0.0,0.0,0,0,-1,-1,0,BENIGN,-1,BENIGN
2886729729,50036,3232238130,80,6,2026-09-12 05:34:12,117750,8,4,20,11595,20,0,2.5,7.071067812,11595,0,2898.75,5797.5,98641.18896,101.910828,10704.54545,26079.59655,87071,3,117750,16821.42857,35685.2904,96018,3,87795,29265.0,50062.73028,87071,6,1,1,0,0,1,0,172,92,67.94055202,33.97027601,0,11595,967.9166667,3346.668261,11200188.45,1,2,1,2,11,0,0,0,0.5,967.9166667,2.5,2898.75,0,0,0,0,0,0,0,1,0,966,8192,229,1,20,0.0,0.0,0,0,0.0,0.0,0,0,-1,-1,117750,DDoS,-1,DDoS
2886729729,27248,3232238130,80,6,2026-09-12 05:40:24,12474568,8,7,20,11595,20,0,2.5,7.071067812,2920,0,1656.428571,1300.444521,931.0943674,1.202446449,891040.5714,2834782.702,10589613,47,12474568,1782081.143,3944647.469,10589613,670,1880046,313341.0,755550.5712,1855478,49,1,1,0,0,1,0,172,152,0.641304773,0.561141676,0,2920,774.3333333,1205.93009,1454267.381,1,2,1,2,14,0,0,0,0.875,774.3333333,2.5,1656.428571,0,0,0,11595,5,24056016,0,1,0,773,8192,229,1,20,1884955.0,0.0,1884955,1884955,10589613.0,0.0,10589613,10589613,-1,-1,12474568,DDoS,-1,DDoS
3232238097,58630,3496979416,443,6,2026-09-12 05:46:42,76376229,34,51,1794,54989,517,0,52.76470588,136.3316053,2896,0,1078.215686,913.9128692,743.4643048,1.112911715,909240.8214,2808168.317,10029986,0,76338282,2313281.273,4154508.511,10067964,0,76338238,1526764.76,3536530.632,10068310,1,5,7,0,0,0,0,1096,1640,0.445164686,0.667747029,0,2896,668.0352941,871.6896489,759842.844,2,2,0,12,84,0,0,0,1.5,668.0352941,52.76470588,1078.215686,0,0,0,13739,8,1123265,0,21,0,646,29200,12579,5,32,225060.2857,494452.8933,1346374,37978,10011581.14,8604.814223,10029986,10002125,-1,-1,76376229,BENIGN,-1,BENIGN
2886729729,50582,3232238130,80,6,2026-09-12 05:53:00,5244856,9,5,20,11595,20,0,2.222222222,6.666666667,11595,0,2319.0,5185.44164,2214.55079,2.669282055,403450.4615,1095462.137,3812092,1,5244856,655607.0,1368859.552,3812092,1,1422374,355593.5,702038.8113,1408613,4,1,1,0,0,1,0,192,112,1.715967035,0.95331502,0,11595,829.6428571,3098.487512,9600624.863,2,2,1,2,13,0,0,0,0.555555556,829.6428571,2.222222222,2319.0,0,0,0,0,0,0,0,1,0,828,8192,229,1,20,0.0,0.0,0,0,0.0,0.0,0,0,-1,-1,5244856,DDoS,-1,DDoS
2886729729,53900,3232238130,80,6,2026-09-12 05:55:36,101000064,2,2,16,0,8,8,8.0,0.0,0,0,0.0,0.0,0.158415741,0.039603935,33666688.0,58312318.01,100999953,46,100999999,100999999.0,0.0,100999999,100999999,101000018,101000018.0,0.0,101000018,101000018,2,0,0,0,0,0,64,64,0.019801968,0.019801968,0,8,4.0,4.618802154,21.33333333,0,0,0,2,4,0,0,0,1.0,4.0,8.0,0.0,0,0,0,0,0,0,0,4,0,0,229,235,1,32,46.0,0.0,46,46,100999953.0,0.0,100999953,100999953,-1,-1,1122025828,DoS Slowloris,-1,DoS
3232238092,56872,918250179,443,6,2026-09-12 05:59:18,5257242,11,7,364,3063,207,0,33.09090909,69.02239426,1533,0,437.5714286,719.9622345,651.8627067,3.423848474,309249.5294,1177483.738,4876452,3,5257242,525724.2,1529435.64,4876452,3,5174039,862339.8333,2027514.781,5000107,3,3,3,0,0,2,0,336,232,2.092351845,1.331496629,0,1533,190.3888889,476.3573966,226916.3693,2,2,2,6,15,0,0,0,0.636363636,190.3888889,33.09090909,437.5714286,0,0,0,0,0,0,0,20,0,170,29200,119,3,20,0.0,0.0,0,0,0.0,0.0,0,0,-1,-1,5257242,BENIGN,-1,BENIGN
2886729729,27681,3232238130,80,6,2026-09-12 06:01:12,3015946,8,7,20,11595,20,0,2.5,7.071067812,5840,0,1656.428571,2431.663892,3851.196275,4.97356385,215424.7143,566506.828,1935282,2,3015946,430849.4286,769812.9331,1935282,3,1051461,175243.5,422269.2079,1037130,2,1,1,0,0,1,0,172,152,2.652567387,2.320996463,0,5840,774.3333333,1806.550449,3263624.524,2,2,1,2,14,0,0,0,0.875,774.3333333,2.5,1656.428571,0,0,0,0,0,0,0,1,0,773,8192,229,1,20,0.0,0.0,0,0,0.0,0.0,0,0,-1,-1,3015946,DDoS,-1,DDoS
2886729729,51034,3232238130,80,6,2026-09-12 06:10:12,10069405,10,6,20,11595,20,0,2.0,6.32455532,5840,0,1932.5,2993.93679,1153.494174,1.588971742,671293.6667,2536303.201,9837536,1,10069405,1118822.778,3270341.728,9837536,1,220423,44084.6,89871.69636,204428,4,1,1,0,0,1,0,212,132,0.993107339,0.595864403,0,5840,725.9375,1979.802363,3919617.396,2,2,1,2,15,0,0,0,0.6,725.9375,2.0,1932.5,0,0,0,0,0,0,0,1,0,724,8192,229,1,20,231869.0,0.0,231869,231869,9837536.0,0.0,9837536,9837536,-1,-1,10069405,DDoS,-1,DDoS
3232238089,8637,3075408199,443,6,2026-09-12 06:13:00,946061,7,9,1297,807,729,0,185.2857143,305.7819017,553,0,89.66666667,181.1608401,2223.958075,16.9122287,63070.73333,91739.41423,191162,1,755259,125876.5,151308.4257,369056,146,755067,94383.375,100859.4163,193816,1,3,4,0,0,0,0,152,192,7.399100058,9.513128646,0,729,131.5,239.3839315,57304.66667,2,2,0,7,15,0,0,0,1.285714286,131.5,185.2857143,89.66666667,0,0,0,0,0,0,0,81,0,50,8192,34,3,20,0.0,0.0,0,0,0.0,0.0,0,0,-1,-1,946061,BENIGN,-1,BENIGN
2886729729,51361,3232238130,80,6,2026-09-12 06:22:18,8357826,8,6,20,11595,20,0,2.5,7.071067812,4380,0,1932.5,1759.107018,1389.715459,1.675076748,642909.6923,2219044.154,8022668,14,8357826,1193975.143,3013552.099,8022668,249,326926,65385.2,140166.928,315989,14,1,1,0,0,1,0,172,132,0.957186713,0.717890035,0,4380,829.6428571,1473.972216,2172594.093,1,2,1,2,13,0,0,0,0.75,829.6428571,2.5,1932.5,0,0,0,11595,4,45470588,0,1,0,828,8192,229,1,20,335158.0,0.0,335158,335158,8022668.0,0.0,8022668,8022668,-1,-1,8357826,DDoS,-1,DDoS
2886729729,53986,3232238130,80,6,2026-09-12 06:28:48,118012797,2,2,16,0,8,8,8.0,0.0,0,0,0.0,0.0,0.135578517,0.033894629,39337599.0,68134588.48,118012645,71,118012726,118012726.0,0.0,118012726,118012726,118012716,118012716.0,0.0,118012716,118012716,2,0,0,0,0,0,64,64,0.016947315,0.016947315,0,8,4.0,4.618802154,21.33333333,0,0,0,2,4,0,0,0,1.0,4.0,8.0,0.0,0,0,0,0,0,0,0,4,0,0,229,235,1,32,81.0,0.0,81,81,118012645.0,0.0,118012645,118012645,-1,-1,1172177940,DoS Slowloris,-1,DoS
2886729729,49358,3232238130,80,6,2026-09-12 06:30:42,6103830,8,6,20,11595,20,0,2.5,7.071067812,4380,0,1932.5,1759.107018,1902.903587,2.293641861,469525.3846,1312501.771,4626470,4,6103830,871975.7143,1742522.538,4626470,99,1475637,295127.4,651558.3732,1460615,14,1,1,0,0,1,0,172,132,1.310652492,0.982989369,0,4380,829.6428571,1473.972216,2172594.093,1,2,1,2,13,0,0,0,0.75,829.6428571,2.5,1932.5,0,0,0,11595,4,44768339,0,1,0,828,8192,229,1,20,0.0,0.0,0,0,0.0,0.0,0,0,-1,-1,6103830,DDoS,-1,DDoS
3232238085,53279,2899905153,443,6,2026-09-12 06:34:06,62253868,51,87,2255,99838,808,0,44.21568627,151.5293125,1430,0,1147.563218,545.4960342,1639.946292,2.21672973,454407.7956,4982506.298,58300197,1,62253868,1245077.36,8251302.94,58376657,95,62166232,722863.1628,6291148.201,58337132,1,10,23,0,0,0,0,1032,1752,0.819226205,1.397503525,0,1430,739.8043478,693.4521898,480875.9395,0,2,0,33,137,0,0,0,1.705882353,739.8043478,44.21568627,1147.563218,0,0,0,47838,35,1141199,0,16,0,723,8192,377,10,20,3867020.0,0.0,3867020,3867020,58300197.0,0.0,58300197,58300197,-1,-1,62253868,BENIGN,-1,BENIGN
2886729729,28386,3232238130,80,6,2026-09-12 06:39:18,9093537,9,6,20,11595,20,0,2.222222222,6.666666667,10135,0,1932.5,4060.603096,1277.280776,1.649523172,649538.3571,2029881.762,7563905,1,9093537,1136692.125,2650530.241,7563905,1,1517225,303445.0,670616.3911,1503038,94,1,1,0,0,1,0,192,132,0.989713903,0.659809269,0,10135,774.3333333,2616.654671,6846881.667,2,2,1,2,14,0,0,0,0.666666667,774.3333333,2.222222222,1932.5,0,0,0,0,0,0,0,1,0,773,8192,229,1,20,1529632.0,0.0,1529632,1529632,7563905.0,0.0,7563905,7563905,-1,-1,9093537,DDoS,-1,DDoS
2886729729,28480,3232238130,80,6,2026-09-12 06:46:54,1436892,8,7,20,11595,20,0,2.5,7.071067812,4380,0,1656.428571,2119.415632,8083.418935,10.43919794,102635.1429,282062.7013,1021548,4,1436892,205270.2857,391392.1592,1021548,50,384697,64116.16667,150118.4483,370367,4,1,1,0,0,1,0,172,152,5.567572232,4.871625703,0,4380,774.3333333,1629.293084,2654595.952,2,2,1,2,14,0,0,0,0.875,774.3333333,2.5,1656.428571,0,0,0,0,0,0,0,1,0,773,8192,229,1,20,0.0,0.0,0,0,0.0,0.0,0,0,-1,-1,1436892,DDoS,-1,DDoS
3232238096,40876,3232238083,53,17,2026-09-12 06:53:12,217,2,2,102,224,51,51,51.0,0.0,112,112,112.0,0.0,1502304.147,18433.17972,72.33333333,83.4825331,165,3,49,49.0,0.0,49,49,3,3.0,0.0,3,3,0,0,0,0,0,0,16,16,9216.589862,9216.589862,51,112,81.5,35.21836642,1240.333333,0,0,0,0,0,0,0,0,1.0,81.5,51.0,112.0,0,0,0,0,0,0,0,25,0,56,0,0,1,8,0.0,0.0,0,0,0.0,0.0,0,0,-1,-1,0,BENIGN,-1,BENIGN
2886729729,50023,3232238130,80,6,2026-09-12 06:54:36,5333927,8,4,20,11595,20,0,2.5,7.071067812,10135,0,2898.75,4873.014767,2177.570109,2.249749575,484902.4545,1378092.35,4589896,1,5333927,761989.5714,1708744.246,4589896,1,739400,246466.6667,405248.6792,714188,194,1,1,0,0,1,0,172,92,1.49983305,0.749916525,0,10135,967.9166667,2917.157286,8509806.629,1,2,1,2,11,0,0,0,0.5,967.9166667,2.5,2898.75,0,0,0,0,0,0,0,1,0,966,8192,229,1,20,0.0,0.0,0,0,0.0,0.0,0,0,-1,-1,5333927,DDoS,-1,DDoS
3232238083,61488,3232238081,53,17,2026-09-12 07:05:54,23792,1,1,42,115,42,42,42.0,0.0,115,115,115.0,0.0,6598.856759,84.06186954,23792.0,0.0,23792,23792,0,0.0,0.0,0,0,0,0.0,0.0,0,0,0,0,0,0,0,0,8,8,42.03093477,42.03093477,42,115,78.5,51.61879503,2664.5,0,0,0,0,0,0,0,0,1.0,78.5,42.0,115.0,0,0,0,0,0,0,0,21,0,57,0,0,0,8,0.0,0.0,0,0,0.0,0.0,0,0,-1,-1,0,BENIGN,-1,BENIGN
2886729729,50047,3232238130,80,6,2026-09-12 07:05:54,4996217,8,6,20,11595,20,0,2.5,7.071067812,5840,0,1932.5,2540.743494,2324.758913,2.802120084,384324.3846,1354860.852,4892795,3,4996217,713745.2857,1843144.978,4892795,109,93295,18659.0,40970.31537,91945,3,1,1,0,0,1,0,172,132,1.601211477,1.200908607,0,5840,829.6428571,1861.51971,3465255.632,1,2,1,2,13,0,0,0,0.75,829.6428571,2.5,1932.5,0,0,0,0,0,0,0,1,0,828,8192,229,1,20,0.0,0.0,0,0,0.0,0.0,0,0,-1,-1,4996217,DDoS,-1,DDoS
2886729729,60650,3232238130,80,6,2026-09-12 07:14:12,3003617,3,0,0,0,0,0,0.0,0.0,0,0,0.0,0.0,0.0,0.998795785,1501808.5,710186.2312,2003986,999631,3003617,1501808.5,710186.2312,2003986,999631,0,0.0,0.0,0,0,0,0,0,0,0,0,120,0,0.998795785,0.0,0,0,0.0,0.0,0.0,0,3,0,0,0,0,0,0,0.0,0.0,0.0,0.0,0,0,0,0,0,0,1,0,0,0,29200,0,0,40,0.0,0.0,0,0,0.0,0.0,0,0,-1,-1,3003617,DoS Slowloris - Attempted,0,DoS
3232238088,45500,3232238089,1840,6,2026-09-12 07:16:42,88,2,2,0,0,0,0,0.0,0.0,0,0,0.0,0.0,0.0,45454.54545,29.33333333,25.89079631,49,0,0,0.0,0.0,0,0,49,49.0,0.0,49,49,0,0,0,0,0,2,48,40,22727.27273,22727.27273,0,0,0.0,0.0,0.0,0,2,2,0,2,0,0,0,1.0,0.0,0.0,0.0,0,0,0,0,0,0,0,0,0,0,1024,0,0,24,0.0,0.0,0,0,0.0,0.0,0,0,-1,-1,88,Infiltration - Portscan,-1,Infiltration
3232238096,53985,3232238083,53,17,2026-09-12 07:17:24,182,2,2,88,188,44,44,44.0,0.0,94,94,94.0,0.0,1516483.516,21978.02198,60.66666667,99.88660237,176,2,2,2.0,0.0,2,2,4,4.0,0.0,4,4,0,0,0,0,0,0,16,16,10989.01099,10989.01099,44,94,69.0,28.86751346,833.3333333,0,0,0,0,0,0,0,0,1.0,69.0,44.0,94.0,0,0,0,0,0,0,0,22,0,47,0,0,1,8,0.0,0.0,0,0,0.0,0.0,0,0,-1,-1,0,BENIGN,-1,BENIGN
3232238088,45500,3232238089,6543,6,2026-09-12 07:17:48,24,1,1,0,0,0,0,0.0,0.0,0,0,0.0,0.0,0.0,83333.33333,24.0,0.0,24,24,0,0.0,0.0,0,0,0,0.0,0.0,0,0,0,0,0,0,0,1,24,20,41666.66667,41666.66667,0,0,0.0,0.0,0.0,0,1,1,0,1,0,0,0,1.0,0.0,0.0,0.0,0,0,0,0,0,0,0,0,0,0,1024,0,0,24,0.0,0.0,0,0,0.0,0.0,0,0,-1,-1,24,Infiltration - Portscan,-1,Infiltration
3232238088,45500,3232238089,3006,6,2026-09-12 07:17:54,47,1,1,0,0,0,0,0.0,0.0,0,0,0.0,0.0,0.0,42553.19149,47.0,0.0,47,47,0,0.0,0.0,0,0,0,0.0,0.0,0,0,0,0,0,0,0,1,24,20,21276.59574,21276.59574,0,0,0.0,0.0,0.0,0,1,1,0,1,0,0,0,1.0,0.0,0.0,0.0,0,0,0,0,0,0,0,0,0,0,1024,0,0,24,0.0,0.0,0,0,0.0,0.0,0,0,-1,-1,47,Infiltration - Portscan,-1,Infiltration
3232238088,45500,3232238089,5030,6,2026-09-12 07:18:00,46,1,1,0,0,0,0,0.0,0.0,0,0,0.0,0.0,0.0,43478.26087,46.0,0.0,46,46,0,0.0,0.0,0,0,0,0.0,0.0,0,0,0,0,0,0,0,1,24,20,21739.13043,21739.13043,0,0,0.0,0.0,0.0,0,1,1,0,1,0,0,0,1.0,0.0,0.0,0.0,0,0,0,0,0,0,0,0,0,0,1024,0,0,24,0.0,0.0,0,0,0.0,0.0,0,0,-1,-1,46,Infiltration - Portscan,-1,Infiltration
2886729729,50431,3232238130,80,6,2026-09-12 07:19:06,2106216,8,5,20,11595,20,0,2.5,7.071067812,11595,0,2319.0,5185.44164,5514.629079,6.172206459,175518.0,430627.5806,1412342,3,2106216,300888.0,553524.594,1434444,3,1432063,358015.75,702938.4468,1412342,5,1,1,0,0,1,0,172,112,3.798280898,2.373925561,0,11595,893.4615385,3215.416889,10338905.77,2,2,1,2,12,0,0,0,0.625,893.4615385,2.5,2319.0,0,0,0,0,0,0,0,1,0,891,8192,229,1,20,0.0,0.0,0,0,0.0,0.0,0,0,-1,-1,2106216,DDoS,-1,DDoS
3232238089,15831,3221244931,80,6,2026-09-12 07:25:24,52783203,10,9,340,215,335,0,34.0,105.7617868,165,0,23.88888889,55.44015793,10.51470863,0.359962998,2932400.167,4556254.977,10045145,2,52783203,5864800.333,5002197.971,10045145,7846,50212672,6276584.0,5188652.833,10069189,2,1,2,0,0,1,0,212,252,0.18945421,0.170508789,0,335,29.21052632,83.58068553,6985.730994,0,2,1,3,18,0,0,0,0.9,29.21052632,34.0,23.88888889,0,0,0,0,0,0,0,17,0,11,8192,60,6,20,30530.8,14521.46796,56507,23936,10012023.8,18651.44648,10045145,10000698,-1,-1,52783203,BENIGN,-1,BENIGN
2886729729,53332,3232238130,80,6,2026-09-12 07:31:12,4195953,8,6,20,11595,20,0,2.5,7.071067812,4380,0,1932.5,1759.107018,2768.143494,3.336548336,322765.6154,921029.2115,3274995,1,4195953,599421.8571,1228042.772,3274995,1,903654,180730.8,401459.369,898875,33,1,1,0,0,1,0,172,132,1.906599049,1.429949287,0,4380,829.6428571,1473.972216,2172594.093,1,2,1,2,13,0,0,0,0.75,829.6428571,2.5,1932.5,0,0,0,11595,4,42472527,0,1,0,828,8192,229,1,20,0.0,0.0,0,0,0.0,0.0,0,0,-1,-1,4195953,DDoS,-1,DDoS
3232238131,17303,3232238083,53,17,2026-09-12 07:43:06,130592,2,2,72,414,36,36,36.0,0.0,207,207,207.0,0.0,3721.514335,30.62974761,43530.66667,75352.29654,130540,3,3,3.0,0.0,3,3,49,49.0,0.0,49,49,0,0,0,0,0,0,16,16,15.31487381,15.31487381,36,207,121.5,98.72689603,9747.0,0,0,0,0,0,0,0,0,1.0,121.5,36.0,207.0,0,0,0,0,0,0,0,18,0,103,0,0,1,8,0.0,0.0,0,0,0.0,0.0,0,0,-1,-1,0,BENIGN,-1,BENIGN
2886729729,53747,3232238130,80,6,2026-09-12 07:45:36,1385977,8,5,20,11595,20,0,2.5,7.071067812,4380,0,2319.0,2208.914892,8380.369948,9.379665031,115498.0833,269686.5039,790007,1,1385977,197996.7143,338744.4126,790007,1,592884,148221.0,287606.3865,579535,153,1,1,0,0,1,0,172,112,5.772101557,3.607563473,0,4380,893.4615385,1732.745154,3002405.769,1,2,1,2,12,0,0,0,0.625,893.4615385,2.5,2319.0,0,0,0,0,0,0,0,1,0,891,8192,229,1,20,0.0,0.0,0,0,0.0,0.0,0,0,-1,-1,1385977,DDoS,-1,DDoS
2886729729,51779,3232238130,80,6,2026-09-12 07:59:00,7654472,9,6,20,11595,20,0,2.222222222,6.666666667,7215,0,1932.5,3125.165196,1517.413611,1.959638758,546748.0,1629775.317,6006403,1,7654472,956809.0,2119930.962,6006403,1,1638574,327714.8,724798.5804,1624234,4,1,1,0,0,1,0,192,132,1.175783255,0.783855503,0,7215,774.3333333,2108.607247,4446224.524,2,2,1,2,14,0,0,0,0.666666667,774.3333333,2.222222222,1932.5,0,0,0,0,0,0,0,1,0,773,8192,229,1,20,1648069.0,0.0,1648069,1648069,6006403.0,0.0,6006403,6006403,-1,-1,7654472,DDoS,-1,DDoS
3232238085,64617,3232238083,53,17,2026-09-12 08:00:36,24997,2,2,66,276,33,33,33.0,0.0,138,138,138.0,0.0,13681.6418,160.0192023,8332.333333,14387.00818,24945,4,48,48.0,0.0,48,48,4,4.0,0.0,4,4,0,0,0,0,0,0,16,16,80.00960115,80.00960115,33,138,85.5,60.62177826,3675.0,0,0,0,0,0,0,0,0,1.0,85.5,33.0,138.0,0,0,0,0,0,0,0,16,0,69,0,0,1,8,0.0,0.0,0,0,0.0,0.0,0,0,-1,-1,0,BENIGN,-1,BENIGN
2886729729,43959,3232238130,1077,6,2026-09-12 08:01:42,44,1,1,0,0,0,0,0.0,0.0,0,0,0.0,0.0,0.0,45454.54545,44.0,0.0,44,44,0,0.0,0.0,0,0,0,0.0,0.0,0,0,0,0,0,0,0,1,24,20,22727.27273,22727.27273,0,0,0.0,0.0,0.0,0,1,1,0,1,0,0,0,1.0,0.0,0.0,0.0,0,0,0,0,0,0,0,0,0,0,1024,0,0,24,0.0,0.0,0,0,0.0,0.0,0,0,-1,-1,44,Portscan,-1,PortScan
2886729729,43959,3232238130,3690,6,2026-09-12 08:01:48,20,1,1,0,0,0,0,0.0,0.0,0,0,0.0,0.0,0.0,100000.0,20.0,0.0,20,20,0,0.0,0.0,0,0,0,0.0,0.0,0,0,0,0,0,0,0,1,24,20,50000.0,50000.0,0,0,0.0,0.0,0.0,0,1,1,0,1,0,0,0,1.0,0.0,0.0,0.0,0,0,0,0,0,0,0,0,0,0,1024,0,0,24,0.0,0.0,0,0,0.0,0.0,0,0,-1,-1,20,Portscan,-1,PortScan
2886729729,43959,3232238130,2006,6,2026-09-12 08:01:48,49,1,1,0,0,0,0,0.0,0.0,0,0,0.0,0.0,0.0,40816.32653,49.0,0.0,49,49,0,0.0,0.0,0,0,0,0.0,0.0,0,0,0,0,0,0,0,1,24,20,20408.16327,20408.16327,0,0,0.0,0.0,0.0,0,1,1,0,1,0,0,0,1.0,0.0,0.0,0.0,0,0,0,0,0,0,0,0,0,0,1024,0,0,24,0.0,0.0,0,0,0.0,0.0,0,0,-1,-1,49,Portscan,-1,PortScan
2886729729,43959,3232238130,1166,6,2026-09-12 08:01:48,53,1,1,0,0,0,0,0.0,0.0,0,0,0.0,0.0,0.0,37735.84906,53.0,0.0,53,53,0,0.0,0.0,0,0,0,0.0,0.0,0,0,0,0,0,0,0,1,24,20,18867.92453,18867.92453,0,0,0.0,0.0,0.0,0,1,1,0,1,0,0,0,1.0,0.0,0.0,0.0,0,0,0,0,0,0,0,0,0,0,1024,0,0,24,0.0,0.0,0,0,0.0,0.0,0,0,-1,-1,53,Portscan,-1,PortScan
2886729729,52025,3232238130,80,6,2026-09-12 08:08:42,9936725,7,6,20,11595,20,0,2.857142857,7.55928946,4380,0,1932.5,1773.160314,1168.896191,1.30827813,828060.4167,2789054.88,9681618,3,9936725,1656120.833,3932956.331,9681618,3,251537,50307.4,110586.4295,248116,17,1,1,0,0,1,0,152,132,0.704457455,0.603820675,0,4380,893.4615385,1520.708969,2312555.769,1,2,1,2,12,0,0,0,0.857142857,893.4615385,2.857142857,1932.5,0,0,0,11595,4,45292968,0,1,0,891,8192,229,1,20,255107.0,0.0,255107,255107,9681618.0,0.0,9681618,9681618,-1,-1,9936725,DDoS,-1,DDoS
2886729729,60972,3232238130,80,6,2026-09-12 08:13:12,3001107,3,0,0,0,0,0,0.0,0.0,0,0,0.0,0.0,0.0,0.999631136,1500553.5,711896.0154,2003940,997167,3001107,1500553.5,711896.0154,2003940,997167,0,0.0,0.0,0,0,0,0,0,0,0,0,120,0,0.999631136,0.0,0,0,0.0,0.0,0.0,0,3,0,0,0,0,0,0,0.0,0.0,0.0,0.0,0,0,0,0,0,0,1,0,0,0,29200,0,0,40,0.0,0.0,0,0,0.0,0.0,0,0,-1,-1,3001107,DoS Slowloris - Attempted,0,DoS
3232238083,61129,3232238081,53,17,2026-09-12 08:14:12,209264,1,1,45,94,45,45,45.0,0.0,94,94,94.0,0.0,664.2327395,9.557305604,209264.0,0.0,209264,209264,0,0.0,0.0,0,0,0,0.0,0.0,0,0,0,0,0,0,0,0,8,8,4.778652802,4.778652802,45,94,69.5,34.64823228,1200.5,0,0,0,0,0,0,0,0,1.0,69.5,45.0,94.0,0,0,0,0,0,0,0,22,0,47,0,0,0,8,0.0,0.0,0,0,0.0,0.0,0,0,-1,-1,0,BENIGN,-1,BENIGN
2886729729,42254,3232238130,32785,6,2026-09-12 08:16:36,53,1,1,0,0,0,0,0.0,0.0,0,0,0.0,0.0,0.0,37735.84906,53.0,0.0,53,53,0,0.0,0.0,0,0,0,0.0,0.0,0,0,0,0,0,0,0,1,24,20,18867.92453,18867.92453,0,0,0.0,0.0,0.0,0,1,1,0,1,0,0,0,1.0,0.0,0.0,0.0,0,0,0,0,0,0,0,0,0,0,1024,0,0,24,0.0,0.0,0,0,0.0,0.0,0,0,-1,-1,53,Portscan,-1,PortScan
2886729729,42254,3232238130,8088,6,2026-09-12 08:16:36,50,1,1,0,0,0,0,0.0,0.0,0,0,0.0,0.0,0.0,40000.0,50.0,0.0,50,50,0,0.0,0.0,0,0,0,0.0,0.0,0,0,0,0,0,0,0,1,24,20,20000.0,20000.0,0,0,0.0,0.0,0.0,0,1,1,0,1,0,0,0,1.0,0.0,0.0,0.0,0,0,0,0,0,0,0,0,0,0,1024,0,0,24,0.0,0.0,0,0,0.0,0.0,0,0,-1,-1,50,Portscan,-1,PortScan
2886729729,42254,3232238130,981,6,2026-09-12 08:16:36,72,1,1,0,0,0,0,0.0,0.0,0,0,0.0,0.0,0.0,27777.77778,72.0,0.0,72,72,0,0.0,0.0,0,0,0,0.0,0.0,0,0,0,0,0,0,0,1,24,20,13888.88889,13888.88889,0,0,0.0,0.0,0.0,0,1,1,0,1,0,0,0,1.0,0.0,0.0,0.0,0,0,0,0,0,0,0,0,0,0,1024,0,0,24,0.0,0.0,0,0,0.0,0.0,0,0,-1,-1,72,Portscan,-1,PortScan
2886729729,42254,3232238130,49157,6,2026-09-12 08:16:36,32,1,1,0,0,0,0,0.0,0.0,0,0,0.0,0.0,0.0,62500.0,32.0,0.0,32,32,0,0.0,0.0,0,0,0,0.0,0.0,0,0,0,0,0,0,0,1,24,20,31250.0,31250.0,0,0,0.0,0.0,0.0,0,1,1,0,1,0,0,0,1.0,0.0,0.0,0.0,0,0,0,0,0,0,0,0,0,0,1024,0,0,24,0.0,0.0,0,0,0.0,0.0,0,0,-1,-1,32,Portscan,-1,PortScan
2886729729,42254,3232238130,2196,6,2026-09-12 08:16:36,41,1,1,0,0,0,0,0.0,0.0,0,0,0.0,0.0,0.0,48780.4878,41.0,0.0,41,41,0,0.0,0.0,0,0,0,0.0,0.0,0,0,0,0,0,0,0,1,24,20,24390.2439,24390.2439,0,0,0.0,0.0,0.0,0,1,1,0,1,0,0,0,1.0,0.0,0.0,0.0,0,0,0,0,0,0,0,0,0,0,1024,0,0,24,0.0,0.0,0,0,0.0,0.0,0,0,-1,-1,41,Portscan,-1,PortScan
2886729729,42254,3232238130,1087,6,2026-09-12 08:16:36,18,1,1,0,0,0,0,0.0,0.0,0,0,0.0,0.0,0.0,111111.1111,18.0,0.0,18,18,0,0.0,0.0,0,0,0,0.0,0.0,0,0,0,0,0,0,0,1,24,20,55555.55556,55555.55556,0,0,0.0,0.0,0.0,0,1,1,0,1,0,0,0,1.0,0.0,0.0,0.0,0,0,0,0,0,0,0,0,0,0,1024,0,0,24,0.0,0.0,0,0,0.0,0.0,0,0,-1,-1,18,Portscan,-1,PortScan
2886729729,54639,3232238130,80,6,2026-09-12 08:18:42,4102950,8,6,20,11595,20,0,2.5,7.071067812,4380,0,1932.5,1759.107018,2830.889969,3.412179042,315611.5385,1123552.599,4054926,3,4102950,586135.7143,1529646.257,4054926,3,36024,7204.8,12673.84652,29521,50,1,1,0,0,1,0,172,132,1.949816595,1.462362447,0,4380,829.6428571,1473.972216,2172594.093,1,2,1,2,13,0,0,0,0.75,829.6428571,2.5,1932.5,0,0,0,11595,4,10949008,0,1,0,828,8192,229,1,20,0.0,0.0,0,0,0.0,0.0,0,0,-1,-1,4102950,DDoS,-1,DDoS
2886729729,52546,3232238130,80,6,2026-09-12 08:28:48,1854965,8,6,20,11595,20,0,2.5,7.071067812,4380,0,1932.5,1759.107018,6261.573669,7.547312213,142689.6154,494296.0141,1786991,3,1854965,264995.0,671476.6497,1786991,3,63542,12708.4,24893.0536,56999,16,1,1,0,0,1,0,172,132,4.312749836,3.234562377,0,4380,829.6428571,1473.972216,2172594.093,1,2,1,2,13,0,0,0,0.75,829.6428571,2.5,1932.5,0,0,0,11595,4,25824053,0,1,0,828,8192,229,1,20,0.0,0.0,0,0,0.0,0.0,0,0,-1,-1,1854965,DDoS,-1,DDoS
2886729729,51903,3232238130,667,6,2026-09-12 08:30:18,66,1,1,0,0,0,0,0.0,0.0,0,0,0.0,0.0,0.0,30303.0303,66.0,0.0,66,66,0,0.0,0.0,0,0,0,0.0,0.0,0,0,0,0,0,0,0,1,24,20,15151.51515,15151.51515,0,0,0.0,0.0,0.0,0,1,1,0,1,0,0,0,1.0,0.0,0.0,0.0,0,0,0,0,0,0,0,0,0,0,1024,0,0,24,0.0,0.0,0,0,0.0,0.0,0,0,-1,-1,66,Portscan,-1,PortScan
2886729729,51903,3232238130,1971,6,2026-09-12 08:30:18,43,1,1,0,0,0,0,0.0,0.0,0,0,0.0,0.0,0.0,46511.62791,43.0,0.0,43,43,0,0.0,0.0,0,0,0,0.0,0.0,0,0,0,0,0,0,0,1,24,20,23255.81395,23255.81395,0,0,0.0,0.0,0.0,0,1,1,0,1,0,0,0,1.0,0.0,0.0,0.0,0,0,0,0,0,0,0,0,0,0,1024,0,0,24,0.0,0.0,0,0,0.0,0.0,0,0,-1,-1,43,Portscan,-1,PortScan
2886729729,51903,3232238130,2065,6,2026-09-12 08:30:18,43,1,1,0,0,0,0,0.0,0.0,0,0,0.0,0.0,0.0,46511.62791,43.0,0.0,43,43,0,0.0,0.0,0,0,0,0.0,0.0,0,0,0,0,0,0,0,1,24,20,23255.81395,23255.81395,0,0,0.0,0.0,0.0,0,1,1,0,1,0,0,0,1.0,0.0,0.0,0.0,0,0,0,0,0,0,0,0,0,0,1024,0,0,24,0.0,0.0,0,0,0.0,0.0,0,0,-1,-1,43,Portscan,-1,PortScan
2886729729,51903,3232238130,1984,6,2026-09-12 08:30:24,49,1,1,0,0,0,0,0.0,0.0,0,0,0.0,0.0,0.0,40816.32653,49.0,0.0,49,49,0,0.0,0.0,0,0,0,0.0,0.0,0,0,0,0,0,0,0,1,24,20,20408.16327,20408.16327,0,0,0.0,0.0,0.0,0,1,1,0,1,0,0,0,1.0,0.0,0.0,0.0,0,0,0,0,0,0,0,0,0,0,1024,0,0,24,0.0,0.0,0,0,0.0,0.0,0,0,-1,-1,49,Portscan,-1,PortScan
2886729729,51903,3232238130,5901,6,2026-09-12 08:30:24,67,1,1,0,0,0,0,0.0,0.0,0,0,0.0,0.0,0.0,29850.74627,67.0,0.0,67,67,0,0.0,0.0,0,0,0,0.0,0.0,0,0,0,0,0,0,0,1,24,20,14925.37313,14925.37313,0,0,0.0,0.0,0.0,0,1,1,0,1,0,0,0,1.0,0.0,0.0,0.0,0,0,0,0,0,0,0,0,0,0,1024,0,0,24,0.0,0.0,0,0,0.0,0.0,0,0,-1,-1,67,Portscan,-1,PortScan
3232238094,49365,3232238083,53,17,2026-09-12 08:31:30,30845,2,2,104,244,52,52,52.0,0.0,122,122,122.0,0.0,11282.21754,129.6806614,10281.66667,17804.03899,30840,1,1,1.0,0.0,1,1,4,4.0,0.0,4,4,0,0,0,0,0,0,16,16,64.84033069,64.84033069,52,122,87.0,40.41451884,1633.333333,0,0,0,0,0,0,0,0,1.0,87.0,52.0,122.0,0,0,0,0,0,0,0,26,0,61,0,0,1,8,0.0,0.0,0,0,0.0,0.0,0,0,-1,-1,0,BENIGN,-1,BENIGN
2886729729,30946,3232238130,80,6,2026-09-12 08:40:00,3304366,7,5,20,11595,20,0,2.857142857,7.55928946,7215,0,2319.0,3329.858105,3515.046457,3.631558974,300396.9091,761238.1677,2473945,3,3304366,550727.6667,998875.049,2473945,3,817731,204432.75,408135.0151,816635,4,1,1,0,0,1,0,152,112,2.118409401,1.513149572,0,7215,967.9166667,2335.471004,5454424.811,1,2,1,2,11,0,0,0,0.714285714,967.9166667,2.857142857,2319.0,0,0,0,0,0,0,0,1,0,966,8192,229,1,20,0.0,0.0,0,0,0.0,0.0,0,0,-1,-1,3304366,DDoS,-1,DDoS
2886729729,42452,3232238130,765,6,2026-09-12 08:44:00,43,1,1,0,0,0,0,0.0,0.0,0,0,0.0,0.0,0.0,46511.62791,43.0,0.0,43,43,0,0.0,0.0,0,0,0,0.0,0.0,0,0,0,0,0,0,0,1,24,20,23255.81395,23255.81395,0,0,0.0,0.0,0.0,0,1,1,0,1,0,0,0,1.0,0.0,0.0,0.0,0,0,0,0,0,0,0,0,0,0,1024,0,0,24,0.0,0.0,0,0,0.0,0.0,0,0,-1,-1,43,Portscan,-1,PortScan
2886729729,42452,3232238130,3914,6,2026-09-12 08:44:00,43,1,1,0,0,0,0,0.0,0.0,0,0,0.0,0.0,0.0,46511.62791,43.0,0.0,43,43,0,0.0,0.0,0,0,0,0.0,0.0,0,0,0,0,0,0,0,1,24,20,23255.81395,23255.81395,0,0,0.0,0.0,0.0,0,1,1,0,1,0,0,0,1.0,0.0,0.0,0.0,0,0,0,0,0,0,0,0,0,0,1024,0,0,24,0.0,0.0,0,0,0.0,0.0,0,0,-1,-1,43,Portscan,-1,PortScan
2886729729,42452,3232238130,10616,6,2026-09-12 08:44:00,37,1,1,0,0,0,0,0.0,0.0,0,0,0.0,0.0,0.0,54054.05405,37.0,0.0,37,37,0,0.0,0.0,0,0,0,0.0,0.0,0,0,0,0,0,0,0,1,24,20,27027.02703,27027.02703,0,0,0.0,0.0,0.0,0,1,1,0,1,0,0,0,1.0,0.0,0.0,0.0,0,0,0,0,0,0,0,0,0,0,1024,0,0,24,0.0,0.0,0,0,0.0,0.0,0,0,-1,-1,37,Portscan,-1,PortScan
2886729729,42452,3232238130,5120,6,2026-09-12 08:44:06,42,1,1,0,0,0,0,0.0,0.0,0,0,0.0,0.0,0.0,47619.04762,42.0,0.0,42,42,0,0.0,0.0,0,0,0,0.0,0.0,0,0,0,0,0,0,0,1,24,20,23809.52381,23809.52381,0,0,0.0,0.0,0.0,0,1,1,0,1,0,0,0,1.0,0.0,0.0,0.0,0,0,0,0,0,0,0,0,0,0,1024,0,0,24,0.0,0.0,0,0,0.0,0.0,0,0,-1,-1,42,Portscan,-1,PortScan
2886729729,42452,3232238130,4,6,2026-09-12 08:44:06,45,1,1,0,0,0,0,0.0,0.0,0,0,0.0,0.0,0.0,44444.44444,45.0,0.0,45,45,0,0.0,0.0,0,0,0,0.0,0.0,0,0,0,0,0,0,0,1,24,20,22222.22222,22222.22222,0,0,0.0,0.0,0.0,0,1,1,0,1,0,0,0,1.0,0.0,0.0,0.0,0,0,0,0,0,0,0,0,0,0,1024,0,0,24,0.0,0.0,0,0,0.0,0.0,0,0,-1,-1,45,Portscan,-1,PortScan
3232238096,51312,3627735428,443,6,2026-09-12 08:51:00,117850699,24,22,1351,5376,426,0,56.29166667,97.50784993,1418,0,244.3636364,414.7339417,57.08069665,0.390324371,2618904.422,12197736.08,58922099,3,117850699,5123943.435,16869603.03,58922099,3,117809142,5609959.143,17619217.67,59003760,3,11,14,0,0,0,0,776,712,0.203647498,0.186676873,0,1418,146.2391304,306.8393126,94150.36377,0,2,0,25,45,0,0,0,0.916666667,146.2391304,56.29166667,244.3636364,0,0,0,1342,8,25269,0,29,0,116,29200,365,11,32,360640.0,394599.525,639664,81616,58544036.0,534661.822,58922099,58165973,-1,-1,117850699,BENIGN,-1,BENIGN
2886729729,31258,3232238130,80,6,2026-09-12 08:52:00,2040971,8,6,20,11595,20,0,2.5,7.071067812,5840,0,1932.5,2993.93679,5690.918685,6.85948012,156997.7692,544833.3414,1970047,0,2040971,291567.2857,740509.4282,1970047,160,45421,9084.2,12752.9451,28588,4,1,1,0,0,1,0,172,132,3.919702926,2.939777194,0,5840,829.6428571,2104.75146,4429978.709,2,2,1,2,13,0,0,0,0.75,829.6428571,2.5,1932.5,0,0,0,0,0,0,0,1,0,828,8192,229,1,20,0.0,0.0,0,0,0.0,0.0,0,0,-1,-1,2040971,DDoS,-1,DDoS
3232238088,53466,3232238092,668,6,2026-09-12 08:55:42,96,2,2,0,0,0,0,0.0,0.0,0,0,0.0,0.0,0.0,41666.66667,32.0,23.51595203,48,5,48,48.0,0.0,48,48,5,5.0,0.0,5,5,0,0,0,0,0,2,48,40,20833.33333,20833.33333,0,0,0.0,0.0,0.0,0,2,2,0,2,0,0,0,1.0,0.0,0.0,0.0,0,0,0,0,0,0,0,0,0,0,1024,0,0,24,0.0,0.0,0,0,0.0,0.0,0,0,-1,-1,96,Infiltration - Portscan,-1,Infiltration
3232238088,53466,3232238092,9594,6,2026-09-12 08:55:48,23,1,2,0,0,0,0,0.0,0.0,0,0,0.0,0.0,0.0,130434.7826,11.5,13.43502884,21,2,0,0.0,0.0,0,0,2,2.0,0.0,2,2,0,0,0,0,0,2,24,40,43478.26087,86956.52174,0,0,0.0,0.0,0.0,0,1,2,0,2,0,0,0,2.0,0.0,0.0,0.0,0,0,0,0,0,0,0,0,0,0,1024,0,0,24,0.0,0.0,0,0,0.0,0.0,0,0,-1,-1,23,Infiltration - Portscan,-1,Infiltration
3232238088,53466,3232238092,5102,6,2026-09-12 08:55:48,65,2,2,0,0,0,0,0.0,0.0,0,0,0.0,0.0,0.0,61538.46154,21.66666667,24.00694344,48,1,1,1.0,0.0,1,1,48,48.0,0.0,48,48,0,0,0,0,0,2,48,40,30769.23077,30769.23077,0,0,0.0,0.0,0.0,0,2,2,0,2,0,0,0,1.0,0.0,0.0,0.0,0,0,0,0,0,0,0,0,0,0,1024,0,0,24,0.0,0.0,0,0,0.0,0.0,0,0,-1,-1,65,Infiltration - Portscan,-1,Infiltration
2886729729,41249,3232238130,902,6,2026-09-12 08:57:42,68,1,1,0,0,0,0,0.0,0.0,0,0,0.0,0.0,0.0,29411.76471,68.0,0.0,68,68,0,0.0,0.0,0,0,0,0.0,0.0,0,0,0,0,0,0,0,1,24,20,14705.88235,14705.88235,0,0,0.0,0.0,0.0,0,1,1,0,1,0,0,0,1.0,0.0,0.0,0.0,0,0,0,0,0,0,0,0,0,0,1024,0,0,24,0.0,0.0,0,0,0.0,0.0,0,0,-1,-1,68,Portscan,-1,PortScan
2886729729,41249,3232238130,1051,6,2026-09-12 08:57:48,74,1,1,0,0,0,0,0.0,0.0,0,0,0.0,0.0,0.0,27027.02703,74.0,0.0,74,74,0,0.0,0.0,0,0,0,0.0,0.0,0,0,0,0,0,0,0,1,24,20,13513.51351,13513.51351,0,0,0.0,0.0,0.0,0,1,1,0,1,0,0,0,1.0,0.0,0.0,0.0,0,0,0,0,0,0,0,0,0,0,1024,0,0,24,0.0,0.0,0,0,0.0,0.0,0,0,-1,-1,74,Portscan,-1,PortScan
2886729729,41249,3232238130,5050,6,2026-09-12 08:57:48,47,1,1,0,0,0,0,0.0,0.0,0,0,0.0,0.0,0.0,42553.19149,47.0,0.0,47,47,0,0.0,0.0,0,0,0,0.0,0.0,0,0,0,0,0,0,0,1,24,20,21276.59574,21276.59574,0,0,0.0,0.0,0.0,0,1,1,0,1,0,0,0,1.0,0.0,0.0,0.0,0,0,0,0,0,0,0,0,0,0,1024,0,0,24,0.0,0.0,0,0,0.0,0.0,0,0,-1,-1,47,Portscan,-1,PortScan
2886729729,41249,3232238130,2030,6,2026-09-12 08:57:48,63,1,1,0,0,0,0,0.0,0.0,0,0,0.0,0.0,0.0,31746.03175,63.0,0.0,63,63,0,0.0,0.0,0,0,0,0.0,0.0,0,0,0,0,0,0,0,1,24,20,15873.01587,15873.01587,0,0,0.0,0.0,0.0,0,1,1,0,1,0,0,0,1.0,0.0,0.0,0.0,0,0,0,0,0,0,0,0,0,0,1024,0,0,24,0.0,0.0,0,0,0.0,0.0,0,0,-1,-1,63,Portscan,-1,PortScan
2886729729,41249,3232238130,5952,6,2026-09-12 08:57:48,42,1,1,0,0,0,0,0.0,0.0,0,0,0.0,0.0,0.0,47619.04762,42.0,0.0,42,42,0,0.0,0.0,0,0,0,0.0,0.0,0,0,0,0,0,0,0,1,24,20,23809.52381,23809.52381,0,0,0.0,0.0,0.0,0,1,1,0,1,0,0,0,1.0,0.0,0.0,0.0,0,0,0,0,0,0,0,0,0,0,1024,0,0,24,0.0,0.0,0,0,0.0,0.0,0,0,-1,-1,42,Portscan,-1,PortScan
2886729729,55806,3232238130,80,6,2026-09-12 09:00:06,8010857,9,5,20,11595,20,0,2.222222222,6.666666667,5840,0,2319.0,3175.563729,1449.907295,1.74762825,616219.7692,2007591.037,7262803,1,8010857,1001357.125,2543392.706,7262803,1,744828,186207.0,371710.8454,743773,7,1,1,0,0,1,0,192,112,1.123475304,0.624152946,0,5840,829.6428571,2104.75146,4429978.709,1,2,1,2,13,0,0,0,0.555555556,829.6428571,2.222222222,2319.0,0,0,0,0,0,0,0,1,0,828,8192,229,1,20,748054.0,0.0,748054,748054,7262803.0,0.0,7262803,7262803,-1,-1,8010857,DDoS,-1,DDoS
2886729729,32990,3232238130,80,6,2026-09-12 09:00:12,3001599,3,0,0,0,0,0,0.0,0.0,0,0,0.0,0.0,0.0,0.999467284,1500799.5,711541.0478,2003935,997664,3001599,1500799.5,711541.0478,2003935,997664,0,0.0,0.0,0,0,0,0,0,0,0,0,120,0,0.999467284,0.0,0,0,0.0,0.0,0.0,0,3,0,0,0,0,0,0,0.0,0.0,0.0,0.0,0,0,0,0,0,0,1,0,0,0,29200,0,0,40,0.0,0.0,0,0,0.0,0.0,0,0,-1,-1,3001599,DoS Slowloris - Attempted,0,DoS
2886729729,31659,3232238130,80,6,2026-09-12 09:06:12,23102767,7,4,20,11595,20,0,2.857142857,7.55928946,11595,0,2898.75,5797.5,502.7536312,0.476133443,2310276.7,7105547.036,22526536,5,23102767,3850461.167,9152253.492,22526536,84,573768,191256.0,330460.8911,572839,5,1,1,0,0,1,0,152,92,0.302994009,0.173139434,0,11595,1055.909091,3495.426167,12218004.09,1,2,1,2,10,0,0,0,0.571428571,1055.909091,2.857142857,2898.75,0,0,0,0,0,0,0,1,0,1054,8192,229,1,20,576231.0,0.0,576231,576231,22526536.0,0.0,22526536,22526536,-1,-1,23102767,DDoS,-1,DDoS
3232238085,58364,3232238083,53,17,2026-09-12 09:11:12,24210,2,2,62,150,31,31,31.0,0.0,75,75,75.0,0.0,8756.712102,165.2209831,8070.0,13932.63407,24158,4,4,4.0,0.0,4,4,48,48.0,0.0,48,48,0,0,0,0,0,0,16,16,82.61049153,82.61049153,31,75,53.0,25.40341184,645.3333333,0,0,0,0,0,0,0,0,1.0,53.0,31.0,75.0,0,0,0,0,0,0,0,15,0,37,0,0,1,8,0.0,0.0,0,0,0.0,0.0,0,0,-1,-1,0,BENIGN,-1,BENIGN
2886729729,64318,3232238130,1113,6,2026-09-12 09:11:30,35,1,1,0,0,0,0,0.0,0.0,0,0,0.0,0.0,0.0,57142.85714,35.0,0.0,35,35,0,0.0,0.0,0,0,0,0.0,0.0,0,0,0,0,0,0,0,1,24,20,28571.42857,28571.42857,0,0,0.0,0.0,0.0,0,1,1,0,1,0,0,0,1.0,0.0,0.0,0.0,0,0,0,0,0,0,0,0,0,0,1024,0,0,24,0.0,0.0,0,0,0.0,0.0,0,0,-1,-1,35,Portscan,-1,PortScan
2886729729,64318,3232238130,34572,6,2026-09-12 09:11:30,48,1,1,0,0,0,0,0.0,0.0,0,0,0.0,0.0,0.0,41666.66667,48.0,0.0,48,48,0,0.0,0.0,0,0,0,0.0,0.0,0,0,0,0,0,0,0,1,24,20,20833.33333,20833.33333,0,0,0.0,0.0,0.0,0,1,1,0,1,0,0,0,1.0,0.0,0.0,0.0,0,0,0,0,0,0,0,0,0,0,1024,0,0,24,0.0,0.0,0,0,0.0,0.0,0,0,-1,-1,48,Portscan,-1,PortScan
2886729729,64318,3232238130,8089,6,2026-09-12 09:11:30,63,1,1,0,0,0,0,0.0,0.0,0,0,0.0,0.0,0.0,31746.03175,63.0,0.0,63,63,0,0.0,0.0,0,0,0,0.0,0.0,0,0,0,0,0,0,0,1,24,20,15873.01587,15873.01587,0,0,0.0,0.0,0.0,0,1,1,0,1,0,0,0,1.0,0.0,0.0,0.0,0,0,0,0,0,0,0,0,0,0,1024,0,0,24,0.0,0.0,0,0,0.0,0.0,0,0,-1,-1,63,Portscan,-1,PortScan
2886729729,64318,3232238130,5214,6,2026-09-12 09:11:30,49,1,1,0,0,0,0,0.0,0.0,0,0,0.0,0.0,0.0,40816.32653,49.0,0.0,49,49,0,0.0,0.0,0,0,0,0.0,0.0,0,0,0,0,0,0,0,1,24,20,20408.16327,20408.16327,0,0,0.0,0.0,0.0,0,1,1,0,1,0,0,0,1.0,0.0,0.0,0.0,0,0,0,0,0,0,0,0,0,0,1024,0,0,24,0.0,0.0,0,0,0.0,0.0,0,0,-1,-1,49,Portscan,-1,PortScan
2886729729,64318,3232238130,1163,6,2026-09-12 09:11:30,29,1,1,0,0,0,0,0.0,0.0,0,0,0.0,0.0,0.0,68965.51724,29.0,0.0,29,29,0,0.0,0.0,0,0,0,0.0,0.0,0,0,0,0,0,0,0,1,24,20,34482.75862,34482.75862,0,0,0.0,0.0,0.0,0,1,1,0,1,0,0,0,1.0,0.0,0.0,0.0,0,0,0,0,0,0,0,0,0,0,1024,0,0,24,0.0,0.0,0,0,0.0,0.0,0,0,-1,-1,29,Portscan,-1,PortScan
2886729729,56265,3232238130,80,6,2026-09-12 09:17:06,2069982,8,5,20,11595,20,0,2.5,7.071067812,5840,0,2319.0,2438.2586,5611.159904,6.280247848,172498.5,397039.4881,1080009,1,2069982,295711.7143,497519.9919,1080009,1,985213,246303.25,476803.5233,961320,62,1,1,0,0,1,0,172,112,3.864767906,2.415479941,0,5840,893.4615385,1832.395273,3357672.436,1,2,1,2,12,0,0,0,0.625,893.4615385,2.5,2319.0,0,0,0,0,0,0,0,1,0,891,8192,229,1,20,0.0,0.0,0,0,0.0,0.0,0,0,-1,-1,2069982,DDoS,-1,DDoS
2886729729,56482,3232238130,80,6,2026-09-12 09:24:48,5962762,9,5,20,11595,20,0,2.222222222,6.666666667,11595,0,2319.0,5185.44164,1947.922791,2.347905216,458674.0,1539169.816,5571710,1,5962762,745345.25,1954348.725,5571710,1,360171,90042.75,169907.8782,344698,5,1,1,0,0,1,0,192,112,1.509367639,0.838537577,0,11595,829.6428571,3098.487512,9600624.863,2,2,1,2,13,0,0,0,0.555555556,829.6428571,2.222222222,2319.0,0,0,0,0,0,0,0,1,0,828,8192,229,1,20,391052.0,0.0,391052,391052,5571710.0,0.0,5571710,5571710,-1,-1,5962762,DDoS,-1,DDoS
2886729729,53049,3232238130,8042,6,2026-09-12 09:25:12,22,1,1,0,0,0,0,0.0,0.0,0,0,0.0,0.0,0.0,90909.09091,22.0,0.0,22,22,0,0.0,0.0,0,0,0,0.0,0.0,0,0,0,0,0,0,0,1,24,20,45454.54545,45454.54545,0,0,0.0,0.0,0.0,0,1,1,0,1,0,0,0,1.0,0.0,0.0,0.0,0,0,0,0,0,0,0,0,0,0,1024,0,0,24,0.0,0.0,0,0,0.0,0.0,0,0,-1,-1,22,Portscan,-1,PortScan
2886729729,53049,3232238130,1687,6,2026-09-12 09:25:12,21,1,1,0,0,0,0,0.0,0.0,0,0,0.0,0.0,0.0,95238.09524,21.0,0.0,21,21,0,0.0,0.0,0,0,0,0.0,0.0,0,0,0,0,0,0,0,1,24,20,47619.04762,47619.04762,0,0,0.0,0.0,0.0,0,1,1,0,1,0,0,0,1.0,0.0,0.0,0.0,0,0,0,0,0,0,0,0,0,0,1024,0,0,24,0.0,0.0,0,0,0.0,0.0,0,0,-1,-1,21,Portscan,-1,PortScan
2886729729,53049,3232238130,10012,6,2026-09-12 09:25:12,44,1,1,0,0,0,0,0.0,0.0,0,0,0.0,0.0,0.0,45454.54545,44.0,0.0,44,44,0,0.0,0.0,0,0,0,0.0,0.0,0,0,0,0,0,0,0,1,24,20,22727.27273,22727.27273,0,0,0.0,0.0,0.0,0,1,1,0,1,0,0,0,1.0,0.0,0.0,0.0,0,0,0,0,0,0,0,0,0,0,1024,0,0,24,0.0,0.0,0,0,0.0,0.0,0,0,-1,-1,44,Portscan,-1,PortScan
2886729729,53049,3232238130,911,6,2026-09-12 09:25:18,28,1,1,0,0,0,0,0.0,0.0,0,0,0.0,0.0,0.0,71428.57143,28.0,0.0,28,28,0,0.0,0.0,0,0,0,0.0,0.0,0,0,0,0,0,0,0,1,24,20,35714.28571,35714.28571,0,0,0.0,0.0,0.0,0,1,1,0,1,0,0,0,1.0,0.0,0.0,0.0,0,0,0,0,0,0,0,0,0,0,1024,0,0,24,0.0,0.0,0,0,0.0,0.0,0,0,-1,-1,28,Portscan,-1,PortScan
2886729729,53049,3232238130,3007,6,2026-09-12 09:25:18,72,1,1,0,0,0,0,0.0,0.0,0,0,0.0,0.0,0.0,27777.77778,72.0,0.0,72,72,0,0.0,0.0,0,0,0,0.0,0.0,0,0,0,0,0,0,0,1,24,20,13888.88889,13888.88889,0,0,0.0,0.0,0.0,0,1,1,0,1,0,0,0,1.0,0.0,0.0,0.0,0,0,0,0,0,0,0,0,0,0,1024,0,0,24,0.0,0.0,0,0,0.0,0.0,0,0,-1,-1,72,Portscan,-1,PortScan
3232238089,56617,3232238083,53,17,2026-09-12 09:28:06,226,2,2,88,344,44,44,44.0,0.0,172,172,172.0,0.0,1911504.425,17699.11504,75.33333333,46.47938611,129,48,48,48.0,0.0,48,48,49,49.0,0.0,49,49,0,0,0,0,0,0,16,16,8849.557522,8849.557522,44,172,108.0,73.90083446,5461.333333,0,0,0,0,0,0,0,0,1.0,108.0,44.0,172.0,0,0,0,0,0,0,0,22,0,86,0,0,1,8,0.0,0.0,0,0,0.0,0.0,0,0,-1,-1,0,BENIGN,-1,BENIGN
2886729729,33156,3232238130,80,6,2026-09-12 09:30:00,51362654,15,4,2326,483,239,0,155.0666667,112.3606862,483,0,120.75,241.5,54.68954155,0.369918579,2853480.778,4237777.282,12831783,1,51362654,3668761.0,4501537.847,12831783,213,51362059,17120686.33,15896190.07,31412561,1,11,1,0,0,1,0,476,144,0.292040984,0.077877596,0,483,147.8421053,140.5217512,19746.36257,3,3,1,12,17,0,0,0,0.266666667,147.8421053,155.0666667,120.75,1155,5,723,0,0,0,0,122,0,25,29200,235,11,20,3205278.5,4532203.035,6410030,527,8990207.6,2915445.961,12831783,5746814,-1,-1,51362654,DoS Slowloris,-1,DoS
2886729729,54309,3232238130,80,6,2026-09-12 09:35:12,1697913,7,5,20,11595,20,0,2.857142857,7.55928946,10135,0,2319.0,4414.776891,6840.750969,7.067499925,154355.7273,344668.6,929951,3,1697913,282985.5,440896.1938,931233,3,930872,232718.0,464822.0998,929951,5,1,1,0,0,1,0,152,112,4.12270829,2.944791635,0,10135,967.9166667,2917.157286,8509806.629,1,2,1,2,11,0,0,0,0.714285714,967.9166667,2.857142857,2319.0,0,0,0,0,0,0,0,1,0,966,8192,229,1,20,0.0,0.0,0,0,0.0,0.0,0,0,-1,-1,1697913,DDoS,-1,DDoS
2886729729,49025,3232238130,1041,6,2026-09-12 09:38:54,66,1,1,0,0,0,0,0.0,0.0,0,0,0.0,0.0,0.0,30303.0303,66.0,0.0,66,66,0,0.0,0.0,0,0,0,0.0,0.0,0,0,0,0,0,0,0,1,24,20,15151.51515,15151.51515,0,0,0.0,0.0,0.0,0,1,1,0,1,0,0,0,1.0,0.0,0.0,0.0,0,0,0,0,0,0,0,0,0,0,1024,0,0,24,0.0,0.0,0,0,0.0,0.0,0,0,-1,-1,66,Portscan,-1,PortScan
2886729729,49025,3232238130,1216,6,2026-09-12 09:38:54,43,1,1,0,0,0,0,0.0,0.0,0,0,0.0,0.0,0.0,46511.62791,43.0,0.0,43,43,0,0.0,0.0,0,0,0,0.0,0.0,0,0,0,0,0,0,0,1,24,20,23255.81395,23255.81395,0,0,0.0,0.0,0.0,0,1,1,0,1,0,0,0,1.0,0.0,0.0,0.0,0,0,0,0,0,0,0,0,0,0,1024,0,0,24,0.0,0.0,0,0,0.0,0.0,0,0,-1,-1,43,Portscan,-1,PortScan
2886729729,49025,3232238130,6692,6,2026-09-12 09:39:00,19,1,1,0,0,0,0,0.0,0.0,0,0,0.0,0.0,0.0,105263.1579,19.0,0.0,19,19,0,0.0,0.0,0,0,0,0.0,0.0,0,0,0,0,0,0,0,1,24,20,52631.57895,52631.57895,0,0,0.0,0.0,0.0,0,1,1,0,1,0,0,0,1.0,0.0,0.0,0.0,0,0,0,0,0,0,0,0,0,0,1024,0,0,24,0.0,0.0,0,0,0.0,0.0,0,0,-1,-1,19,Portscan,-1,PortScan
2886729729,49025,3232238130,8010,6,2026-09-12 09:39:00,41,1,1,0,0,0,0,0.0,0.0,0,0,0.0,0.0,0.0,48780.4878,41.0,0.0,41,41,0,0.0,0.0,0,0,0,0.0,0.0,0,0,0,0,0,0,0,1,24,20,24390.2439,24390.2439,0,0,0.0,0.0,0.0,0,1,1,0,1,0,0,0,1.0,0.0,0.0,0.0,0,0,0,0,0,0,0,0,0,0,1024,0,0,24,0.0,0.0,0,0,0.0,0.0,0,0,-1,-1,41,Portscan,-1,PortScan
3232238096,44723,3232238083,53,17,2026-09-12 09:39:18,169,2,2,64,96,32,32,32.0,0.0,48,48,48.0,0.0,946745.5621,23668.63905,56.33333333,92.37604307,163,3,3,3.0,0.0,3,3,3,3.0,0.0,3,3,0,0,0,0,0,0,16,16,11834.31953,11834.31953,32,48,40.0,9.237604307,85.33333333,0,0,0,0,0,0,0,0,1.0,40.0,32.0,48.0,0,0,0,0,0,0,0,16,0,24,0,0,1,8,0.0,0.0,0,0,0.0,0.0,0,0,-1,-1,0,BENIGN,-1,BENIGN
2886729729,54745,3232238130,80,6,2026-09-12 09:52:06,7714825,8,5,20,11595,20,0,2.5,7.071067812,4380,0,2319.0,2208.914892,1505.5429,1.685067386,642902.0833,2185040.709,7580822,4,7714825,1102117.857,2857120.598,7580822,4,115401,28850.25,44177.42655,93312,66,1,1,0,0,1,0,172,112,1.036964546,0.648102841,0,4380,893.4615385,1732.745154,3002405.769,1,2,1,2,12,0,0,0,0.625,893.4615385,2.5,2319.0,0,0,0,0,0,0,0,1,0,891,8192,229,1,20,134003.0,0.0,134003,134003,7580822.0,0.0,7580822,7580822,-1,-1,7714825,DDoS,-1,DDoS
3232238089,7836,2455276108,443,6,2026-09-12 09:52:12,5759603,7,6,599,156,517,0,85.57142857,191.3085267,156,0,26.0,63.68673331,131.0854238,2.257100012,479966.9167,1613642.243,5603650,1,5759603,959933.8333,2303807.792,5662509,49,5739698,1147939.6,2501930.998,5623225,1,3,1,0,0,0,0,152,132,1.215361545,1.041738467,0,517,58.07692308,144.723565,20944.91026,2,2,0,4,12,0,0,0,0.857142857,58.07692308,85.57142857,26.0,0,0,0,0,0,0,0,46,0,12,8192,30,3,20,136118.0,0.0,136118,136118,5603650.0,0.0,5603650,5603650,-1,-1,5759603,BENIGN,-1,BENIGN
2886729729,49008,3232238130,23,6,2026-09-12 09:52:36,57,1,1,0,0,0,0,0.0,0.0,0,0,0.0,0.0,0.0,35087.7193,57.0,0.0,57,57,0,0.0,0.0,0,0,0,0.0,0.0,0,0,0,0,0,0,0,1,24,20,17543.85965,17543.85965,0,0,0.0,0.0,0.0,0,1,1,0,1,0,0,0,1.0,0.0,0.0,0.0,0,0,0,0,0,0,0,0,0,0,1024,0,0,24,0.0,0.0,0,0,0.0,0.0,0,0,-1,-1,57,Portscan,-1,PortScan
2886729729,49008,3232238130,1130,6,2026-09-12 09:52:42,46,1,1,0,0,0,0,0.0,0.0,0,0,0.0,0.0,0.0,43478.26087,46.0,0.0,46,46,0,0.0,0.0,0,0,0,0.0,0.0,0,0,0,0,0,0,0,1,24,20,21739.13043,21739.13043,0,0,0.0,0.0,0.0,0,1,1,0,1,0,0,0,1.0,0.0,0.0,0.0,0,0,0,0,0,0,0,0,0,0,1024,0,0,24,0.0,0.0,0,0,0.0,0.0,0,0,-1,-1,46,Portscan,-1,PortScan
2886729729,49008,3232238130,1352,6,2026-09-12 09:52:42,55,1,1,0,0,0,0,0.0,0.0,0,0,0.0,0.0,0.0,36363.63636,55.0,0.0,55,55,0,0.0,0.0,0,0,0,0.0,0.0,0,0,0,0,0,0,0,1,24,20,18181.81818,18181.81818,0,0,0.0,0.0,0.0,0,1,1,0,1,0,0,0,1.0,0.0,0.0,0.0,0,0,0,0,0,0,0,0,0,0,1024,0,0,24,0.0,0.0,0,0,0.0,0.0,0,0,-1,-1,55,Portscan,-1,PortScan
2886729729,49008,3232238130,6580,6,2026-09-12 09:52:42,55,1,1,0,0,0,0,0.0,0.0,0,0,0.0,0.0,0.0,36363.63636,55.0,0.0,55,55,0,0.0,0.0,0,0,0,0.0,0.0,0,0,0,0,0,0,0,1,24,20,18181.81818,18181.81818,0,0,0.0,0.0,0.0,0,1,1,0,1,0,0,0,1.0,0.0,0.0,0.0,0,0,0,0,0,0,0,0,0,0,1024,0,0,24,0.0,0.0,0,0,0.0,0.0,0,0,-1,-1,55,Portscan,-1,PortScan
2886729729,49008,3232238130,1063,6,2026-09-12 09:52:42,33,1,1,0,0,0,0,0.0,0.0,0,0,0.0,0.0,0.0,60606.06061,33.0,0.0,33,33,0,0.0,0.0,0,0,0,0.0,0.0,0,0,0,0,0,0,0,1,24,20,30303.0303,30303.0303,0,0,0.0,0.0,0.0,0,1,1,0,1,0,0,0,1.0,0.0,0.0,0.0,0,0,0,0,0,0,0,0,0,0,1024,0,0,24,0.0,0.0,0,0,0.0,0.0,0,0,-1,-1,33,Portscan,-1,PortScan
3232238088,56148,3232238094,90,6,2026-09-12 09:56:00,3,2,0,0,0,0,0,0.0,0.0,0,0,0.0,0.0,0.0,666666.6667,3.0,0.0,3,3,3,3.0,0.0,3,3,0,0.0,0.0,0,0,0,0,0,0,0,0,48,0,666666.6667,0.0,0,0,0.0,0.0,0.0,0,2,0,0,0,0,0,0,0.0,0.0,0.0,0.0,0,0,0,0,0,0,1,0,0,0,1024,0,0,24,0.0,0.0,0,0,0.0,0.0,0,0,-1,-1,3,Infiltration - Portscan,-1,Infiltration
3232238088,56149,3232238094,4900,6,2026-09-12 09:56:48,48,2,0,0,0,0,0,0.0,0.0,0,0,0.0,0.0,0.0,41666.66667,48.0,0.0,48,48,48,48.0,0.0,48,48,0,0.0,0.0,0,0,0,0,0,0,0,0,48,0,41666.66667,0.0,0,0,0.0,0.0,0.0,0,2,0,0,0,0,0,0,0.0,0.0,0.0,0.0,0,0,0,0,0,0,1,0,0,0,1024,0,0,24,0.0,0.0,0,0,0.0,0.0,0,0,-1,-1,48,Infiltration - Portscan,-1,Infiltration
3232238088,56149,3232238094,2605,6,2026-09-12 09:57:12,48,2,0,0,0,0,0,0.0,0.0,0,0,0.0,0.0,0.0,41666.66667,48.0,0.0,48,48,48,48.0,0.0,48,48,0,0.0,0.0,0,0,0,0,0,0,0,0,48,0,41666.66667,0.0,0,0,0.0,0.0,0.0,0,2,0,0,0,0,0,0,0.0,0.0,0.0,0.0,0,0,0,0,0,0,1,0,0,0,1024,0,0,24,0.0,0.0,0,0,0.0,0.0,0,0,-1,-1,48,Infiltration - Portscan,-1,Infiltration
3232238088,56148,3232238094,2604,6,2026-09-12 09:57:30,49,2,0,0,0,0,0,0.0,0.0,0,0,0.0,0.0,0.0,40816.32653,49.0,0.0,49,49,49,49.0,0.0,49,49,0,0.0,0.0,0,0,0,0,0,0,0,0,48,0,40816.32653,0.0,0,0,0.0,0.0,0.0,0,2,0,0,0,0,0,0,0.0,0.0,0.0,0.0,0,0,0,0,0,0,1,0,0,0,1024,0,0,24,0.0,0.0,0,0,0.0,0.0,0,0,-1,-1,49,Infiltration - Portscan,-1,Infiltration
3232238088,56149,3232238094,2638,6,2026-09-12 09:57:54,4,2,0,0,0,0,0,0.0,0.0,0,0,0.0,0.0,0.0,500000.0,4.0,0.0,4,4,4,4.0,0.0,4,4,0,0.0,0.0,0,0,0,0,0,0,0,0,48,0,500000.0,0.0,0,0,0.0,0.0,0.0,0,2,0,0,0,0,0,0,0.0,0.0,0.0,0.0,0,0,0,0,0,0,1,0,0,0,1024,0,0,24,0.0,0.0,0,0,0.0,0.0,0,0,-1,-1,4,Infiltration - Portscan,-1,Infiltration
3232238088,56148,3232238094,5633,6,2026-09-12 09:58:24,4,2,0,0,0,0,0,0.0,0.0,0,0,0.0,0.0,0.0,500000.0,4.0,0.0,4,4,4,4.0,0.0,4,4,0,0.0,0.0,0,0,0,0,0,0,0,0,48,0,500000.0,0.0,0,0,0.0,0.0,0.0,0,2,0,0,0,0,0,0,0.0,0.0,0.0,0.0,0,0,0,0,0,0,1,0,0,0,1024,0,0,24,0.0,0.0,0,0,0.0,0.0,0,0,-1,-1,4,Infiltration - Portscan,-1,Infiltration
3232238088,56149,3232238094,1117,6,2026-09-12 09:58:42,49,2,0,0,0,0,0,0.0,0.0,0,0,0.0,0.0,0.0,40816.32653,49.0,0.0,49,49,49,49.0,0.0,49,49,0,0.0,0.0,0,0,0,0,0,0,0,0,48,0,40816.32653,0.0,0,0,0.0,0.0,0.0,0,2,0,0,0,0,0,0,0.0,0.0,0.0,0.0,0,0,0,0,0,0,1,0,0,0,1024,0,0,24,0.0,0.0,0,0,0.0,0.0,0,0,-1,-1,49,Infiltration - Portscan,-1,Infiltration
3232238088,56149,3232238094,3580,6,2026-09-12 09:58:54,3,2,0,0,0,0,0,0.0,0.0,0,0,0.0,0.0,0.0,666666.6667,3.0,0.0,3,3,3,3.0,0.0,3,3,0,0.0,0.0,0,0,0,0,0,0,0,0,48,0,666666.6667,0.0,0,0,0.0,0.0,0.0,0,2,0,0,0,0,0,0,0.0,0.0,0.0,0.0,0,0,0,0,0,0,1,0,0,0,1024,0,0,24,0.0,0.0,0,0,0.0,0.0,0,0,-1,-1,3,Infiltration - Portscan,-1,Infiltration
2886729729,59074,3232238130,80,6,2026-09-12 10:03:18,10661711,9,6,359,11632,359,0,39.88888889,119.6666667,5792,0,1938.666667,2544.918912,1124.678769,1.406903639,761550.7857,1930844.006,5621362,10,10661711,1332713.875,2472024.992,5622247,227,10622652,2124530.4,2916996.079,5621362,10,1,1,0,0,0,0,296,200,0.844142183,0.562761455,0,5792,799.4,1802.318103,3248350.543,1,2,0,2,14,0,0,0,0.666666667,799.4,39.88888889,1938.666667,0,0,0,0,0,0,0,23,0,775,29200,235,1,32,895.0,0.0,895,895,5621362.0,0.0,5621362,5621362,-1,-1,10661711,DoS GoldenEye,-1,DoS
3232238083,61439,3232238081,53,17,2026-09-12 10:03:42,64999,1,1,56,122,56,56,56.0,0.0,122,122,122.0,0.0,2738.503669,30.76970415,64999.0,0.0,64999,64999,0,0.0,0.0,0,0,0,0.0,0.0,0,0,0,0,0,0,0,0,8,8,15.38485207,15.38485207,56,122,89.0,46.66904756,2178.0,0,0,0,0,0,0,0,0,1.0,89.0,56.0,122.0,0,0,0,0,0,0,0,28,0,61,0,0,0,8,0.0,0.0,0,0,0.0,0.0,0,0,-1,-1,0,BENIGN,-1,BENIGN
2886729729,33257,3232238130,80,6,2026-09-12 10:05:48,9101845,8,6,20,11595,20,0,2.5,7.071067812,7215,0,1932.5,3125.165196,1276.114898,1.538149683,700141.9231,2284081.529,8268566,4,9101845,1300263.571,3087032.929,8268566,4,792441,158488.2,346836.7413,778856,4,1,1,0,0,1,0,172,132,0.878942676,0.659207007,0,7215,829.6428571,2176.88421,4738824.863,2,2,1,2,13,0,0,0,0.75,829.6428571,2.5,1932.5,0,0,0,0,0,0,0,1,0,828,8192,229,1,20,833279.0,0.0,833279,833279,8268566.0,0.0,8268566,8268566,-1,-1,9101845,DDoS,-1,DDoS
2886729729,48416,3232238130,711,6,2026-09-12 10:06:24,43,1,1,0,0,0,0,0.0,0.0,0,0,0.0,0.0,0.0,46511.62791,43.0,0.0,43,43,0,0.0,0.0,0,0,0,0.0,0.0,0,0,0,0,0,0,0,1,24,20,23255.81395,23255.81395,0,0,0.0,0.0,0.0,0,1,1,0,1,0,0,0,1.0,0.0,0.0,0.0,0,0,0,0,0,0,0,0,0,0,1024,0,0,24,0.0,0.0,0,0,0.0,0.0,0,0,-1,-1,43,Portscan,-1,PortScan
2886729729,48416,3232238130,146,6,2026-09-12 10:06:24,49,1,1,0,0,0,0,0.0,0.0,0,0,0.0,0.0,0.0,40816.32653,49.0,0.0,49,49,0,0.0,0.0,0,0,0,0.0,0.0,0,0,0,0,0,0,0,1,24,20,20408.16327,20408.16327,0,0,0.0,0.0,0.0,0,1,1,0,1,0,0,0,1.0,0.0,0.0,0.0,0,0,0,0,0,0,0,0,0,0,1024,0,0,24,0.0,0.0,0,0,0.0,0.0,0,0,-1,-1,49,Portscan,-1,PortScan
2886729729,48416,3232238130,1056,6,2026-09-12 10:06:24,42,1,1,0,0,0,0,0.0,0.0,0,0,0.0,0.0,0.0,47619.04762,42.0,0.0,42,42,0,0.0,0.0,0,0,0,0.0,0.0,0,0,0,0,0,0,0,1,24,20,23809.52381,23809.52381,0,0,0.0,0.0,0.0,0,1,1,0,1,0,0,0,1.0,0.0,0.0,0.0,0,0,0,0,0,0,0,0,0,0,1024,0,0,24,0.0,0.0,0,0,0.0,0.0,0,0,-1,-1,42,Portscan,-1,PortScan
2886729729,48416,3232238130,1717,6,2026-09-12 10:06:24,4,1,1,0,0,0,0,0.0,0.0,0,0,0.0,0.0,0.0,500000.0,4.0,0.0,4,4,0,0.0,0.0,0,0,0,0.0,0.0,0,0,0,0,0,0,0,1,24,20,250000.0,250000.0,0,0,0.0,0.0,0.0,0,1,1,0,1,0,0,0,1.0,0.0,0.0,0.0,0,0,0,0,0,0,0,0,0,0,1024,0,0,24,0.0,0.0,0,0,0.0,0.0,0,0,-1,-1,4,Portscan,-1,PortScan
2886729729,54270,3232238130,80,6,2026-09-12 10:11:42,5496,2,2,0,483,0,0,0.0,0.0,483,0,241.5,341.5325753,87882.09607,727.8020378,1832.0,1679.527017,3303,2,5496,5496.0,0.0,5496,5496,2,2.0,0.0,2,2,0,1,0,0,1,0,52,64,363.9010189,363.9010189,0,483,120.75,241.5,58322.25,2,0,1,1,3,0,0,0,1.0,120.75,0.0,241.5,0,0,0,0,0,0,0,0,0,120,229,235,0,20,0.0,0.0,0,0,0.0,0.0,0,0,-1,-1,1261135371,DoS Slowloris - Attempted,0,DoS
3232238097,23085,3232238083,53,17,2026-09-12 10:16:12,60951,2,2,80,176,40,40,40.0,0.0,88,88,88.0,0.0,4200.095158,65.62648685,20317.0,35184.88012,60945,2,2,2.0,0.0,2,2,4,4.0,0.0,4,4,0,0,0,0,0,0,16,16,32.81324343,32.81324343,40,88,64.0,27.71281292,768.0,0,0,0,0,0,0,0,0,1.0,64.0,40.0,88.0,0,0,0,0,0,0,0,20,0,44,0,0,1,8,0.0,0.0,0,0,0.0,0.0,0,0,-1,-1,0,BENIGN,-1,BENIGN
2886729729,57915,3232238130,80,6,2026-09-12 10:16:18,11340699,8,5,20,11595,20,0,2.5,7.071067812,5840,0,2319.0,2438.2586,1024.18731,1.146313821,945058.25,3161161.069,10978721,2,11340699,1620099.857,4128650.282,10978721,2,347262,86815.5,160609.9702,327339,157,1,1,0,0,1,0,172,112,0.70542389,0.440889931,0,5840,893.4615385,1832.395273,3357672.436,1,2,1,2,12,0,0,0,0.625,893.4615385,2.5,2319.0,0,0,0,0,0,0,0,1,0,891,8192,229,1,20,361978.0,0.0,361978,361978,10978721.0,0.0,10978721,10978721,-1,-1,11340699,DDoS,-1,DDoS
3232238088,62905,3232238095,9944,6,2026-09-12 10:19:18,48,2,0,0,0,0,0,0.0,0.0,0,0,0.0,0.0,0.0,41666.66667,48.0,0.0,48,48,48,48.0,0.0,48,48,0,0.0,0.0,0,0,0,0,0,0,0,0,48,0,41666.66667,0.0,0,0,0.0,0.0,0.0,0,2,0,0,0,0,0,0,0.0,0.0,0.0,0.0,0,0,0,0,0,0,1,0,0,0,1024,0,0,24,0.0,0.0,0,0,0.0,0.0,0,0,-1,-1,48,Infiltration - Portscan,-1,Infiltration
3232238088,62906,3232238095,1097,6,2026-09-12 10:20:00,48,2,0,0,0,0,0,0.0,0.0,0,0,0.0,0.0,0.0,41666.66667,48.0,0.0,48,48,48,48.0,0.0,48,48,0,0.0,0.0,0,0,0,0,0,0,0,0,48,0,41666.66667,0.0,0,0,0.0,0.0,0.0,0,2,0,0,0,0,0,0,0.0,0.0,0.0,0.0,0,0,0,0,0,0,1,0,0,0,1024,0,0,24,0.0,0.0,0,0,0.0,0.0,0,0,-1,-1,48,Infiltration - Portscan,-1,Infiltration
2886729729,56383,3232238130,2381,6,2026-09-12 10:20:12,44,1,1,0,0,0,0,0.0,0.0,0,0,0.0,0.0,0.0,45454.54545,44.0,0.0,44,44,0,0.0,0.0,0,0,0,0.0,0.0,0,0,0,0,0,0,0,1,24,20,22727.27273,22727.27273,0,0,0.0,0.0,0.0,0,1,1,0,1,0,0,0,1.0,0.0,0.0,0.0,0,0,0,0,0,0,0,0,0,0,1024,0,0,24,0.0,0.0,0,0,0.0,0.0,0,0,-1,-1,44,Portscan,-1,PortScan
2886729729,56383,3232238130,32775,6,2026-09-12 10:20:12,70,1,1,0,0,0,0,0.0,0.0,0,0,0.0,0.0,0.0,28571.42857,70.0,0.0,70,70,0,0.0,0.0,0,0,0,0.0,0.0,0,0,0,0,0,0,0,1,24,20,14285.71429,14285.71429,0,0,0.0,0.0,0.0,0,1,1,0,1,0,0,0,1.0,0.0,0.0,0.0,0,0,0,0,0,0,0,0,0,0,1024,0,0,24,0.0,0.0,0,0,0.0,0.0,0,0,-1,-1,70,Portscan,-1,PortScan
2886729729,56383,3232238130,5102,6,2026-09-12 10:20:12,43,1,1,0,0,0,0,0.0,0.0,0,0,0.0,0.0,0.0,46511.62791,43.0,0.0,43,43,0,0.0,0.0,0,0,0,0.0,0.0,0,0,0,0,0,0,0,1,24,20,23255.81395,23255.81395,0,0,0.0,0.0,0.0,0,1,1,0,1,0,0,0,1.0,0.0,0.0,0.0,0,0,0,0,0,0,0,0,0,0,1024,0,0,24,0.0,0.0,0,0,0.0,0.0,0,0,-1,-1,43,Portscan,-1,PortScan
2886729729,56383,3232238130,10004,6,2026-09-12 10:20:12,8,1,1,0,0,0,0,0.0,0.0,0,0,0.0,0.0,0.0,250000.0,8.0,0.0,8,8,0,0.0,0.0,0,0,0,0.0,0.0,0,0,0,0,0,0,0,1,24,20,125000.0,125000.0,0,0,0.0,0.0,0.0,0,1,1,0,1,0,0,0,1.0,0.0,0.0,0.0,0,0,0,0,0,0,0,0,0,0,1024,0,0,24,0.0,0.0,0,0,0.0,0.0,0,0,-1,-1,8,Portscan,-1,PortScan
2886729729,56383,3232238130,2875,6,2026-09-12 10:20:12,49,1,1,0,0,0,0,0.0,0.0,0,0,0.0,0.0,0.0,40816.32653,49.0,0.0,49,49,0,0.0,0.0,0,0,0,0.0,0.0,0,0,0,0,0,0,0,1,24,20,20408.16327,20408.16327,0,0,0.0,0.0,0.0,0,1,1,0,1,0,0,0,1.0,0.0,0.0,0.0,0,0,0,0,0,0,0,0,0,0,1024,0,0,24,0.0,0.0,0,0,0.0,0.0,0,0,-1,-1,49,Portscan,-1,PortScan
3232238088,62906,3232238095,1721,6,2026-09-12 10:20:18,48,2,0,0,0,0,0,0.0,0.0,0,0,0.0,0.0,0.0,41666.66667,48.0,0.0,48,48,48,48.0,0.0,48,48,0,0.0,0.0,0,0,0,0,0,0,0,0,48,0,41666.66667,0.0,0,0,0.0,0.0,0.0,0,2,0,0,0,0,0,0,0.0,0.0,0.0,0.0,0,0,0,0,0,0,1,0,0,0,1024,0,0,24,0.0,0.0,0,0,0.0,0.0,0,0,-1,-1,48,Infiltration - Portscan,-1,Infiltration
3232238088,62905,3232238095,49154,6,2026-09-12 10:21:00,48,2,0,0,0,0,0,0.0,0.0,0,0,0.0,0.0,0.0,41666.66667,48.0,0.0,48,48,48,48.0,0.0,48,48,0,0.0,0.0,0,0,0,0,0,0,0,0,48,0,41666.66667,0.0,0,0,0.0,0.0,0.0,0,2,0,0,0,0,0,0,0.0,0.0,0.0,0.0,0,0,0,0,0,0,1,0,0,0,1024,0,0,24,0.0,0.0,0,0,0.0,0.0,0,0,-1,-1,48,Infiltration - Portscan,-1,Infiltration
2886729729,59694,3232238130,80,6,2026-09-12 10:24:18,17649648,9,5,334,11632,334,0,37.11111111,111.3333333,5840,0,2326.4,3185.599598,677.973861,0.793216953,1357665.231,3650859.628,12605703,1,17649648,2206206.0,4558490.154,12609869,1,17611106,4402776.5,5955682.018,12605703,158,1,1,0,0,0,0,296,168,0.509925184,0.283291769,0,5840,854.7142857,2103.786126,4425916.066,1,2,0,2,13,0,0,0,0.555555556,854.7142857,37.11111111,2326.4,0,0,0,0,0,0,0,23,0,830,29200,235,1,32,2608.0,2483.359016,4364,852,8802970.5,5377875.876,12605703,5000238,-1,-1,17649648,DoS GoldenEye,-1,DoS
2886729729,58272,3232238130,80,6,2026-09-12 10:28:24,10547713,8,4,20,11595,20,0,2.5,7.071067812,11595,0,2898.75,5797.5,1101.186579,1.137687383,958883.0,2783323.061,9271747,1,10547713,1506816.143,3456785.904,9271747,1,1272300,424100.0,734170.4711,1271847,6,1,1,0,0,1,0,172,92,0.758458255,0.379229128,0,11595,967.9166667,3346.668261,11200188.45,1,2,1,2,11,0,0,0,0.5,967.9166667,2.5,2898.75,0,0,0,0,0,0,0,1,0,966,8192,229,1,20,1275966.0,0.0,1275966,1275966,9271747.0,0.0,9271747,9271747,-1,-1,10547713,DDoS,-1,DDoS
3232238094,52015,3232238083,53,17,2026-09-12 10:29:48,187,2,2,66,98,33,33,33.0,0.0,49,49,49.0,0.0,877005.3476,21390.37433,62.33333333,67.64860186,136,3,48,48.0,0.0,48,48,3,3.0,0.0,3,3,0,0,0,0,0,0,16,16,10695.18717,10695.18717,33,49,41.0,9.237604307,85.33333333,0,0,0,0,0,0,0,0,1.0,41.0,33.0,49.0,0,0,0,0,0,0,0,16,0,24,0,0,1,8,0.0,0.0,0,0,0.0,0.0,0,0,-1,-1,0,BENIGN,-1,BENIGN
3232238088,45748,3232238096,3370,6,2026-09-12 10:38:54,16,1,1,0,0,0,0,0.0,0.0,0,0,0.0,0.0,0.0,125000.0,16.0,0.0,16,16,0,0.0,0.0,0,0,0,0.0,0.0,0,0,0,0,0,0,0,1,24,20,62500.0,62500.0,0,0,0.0,0.0,0.0,0,1,1,0,1,0,0,0,1.0,0.0,0.0,0.0,0,0,0,0,0,0,0,0,0,0,1024,0,0,24,0.0,0.0,0,0,0.0,0.0,0,0,-1,-1,16,Infiltration - Portscan,-1,Infiltration
3232238088,45748,3232238096,2222,6,2026-09-12 10:38:54,50,2,2,0,0,0,0,0.0,0.0,0,0,0.0,0.0,0.0,80000.0,16.66666667,27.13546265,48,1,1,1.0,0.0,1,1,48,48.0,0.0,48,48,0,0,0,0,0,2,48,40,40000.0,40000.0,0,0,0.0,0.0,0.0,0,2,2,0,2,0,0,0,1.0,0.0,0.0,0.0,0,0,0,0,0,0,0,0,0,0,1024,0,0,24,0.0,0.0,0,0,0.0,0.0,0,0,-1,-1,50,Infiltration - Portscan,-1,Infiltration
3232238088,45748,3232238096,32784,6,2026-09-12 10:38:54,14,1,1,0,0,0,0,0.0,0.0,0,0,0.0,0.0,0.0,142857.1429,14.0,0.0,14,14,0,0.0,0.0,0,0,0,0.0,0.0,0,0,0,0,0,0,0,1,24,20,71428.57143,71428.57143,0,0,0.0,0.0,0.0,0,1,1,0,1,0,0,0,1.0,0.0,0.0,0.0,0,0,0,0,0,0,0,0,0,0,1024,0,0,24,0.0,0.0,0,0,0.0,0.0,0,0,-1,-1,14,Infiltration - Portscan,-1,Infiltration
3232238088,45748,3232238096,27353,6,2026-09-12 10:38:54,110,2,2,0,0,0,0,0.0,0.0,0,0,0.0,0.0,0.0,36363.63636,36.66666667,22.23360819,50,11,49,49.0,0.0,49,49,50,50.0,0.0,50,50,0,0,0,0,0,2,48,40,18181.81818,18181.81818,0,0,0.0,0.0,0.0,0,2,2,0,2,0,0,0,1.0,0.0,0.0,0.0,0,0,0,0,0,0,0,0,0,0,1024,0,0,24,0.0,0.0,0,0,0.0,0.0,0,0,-1,-1,110,Infiltration - Portscan,-1,Infiltration
3232238088,45748,3232238096,17877,6,2026-09-12 10:38:54,51,2,2,0,0,0,0,0.0,0.0,0,0,0.0,0.0,0.0,78431.37255,17.0,27.71281292,49,1,1,1.0,0.0,1,1,49,49.0,0.0,49,49,0,0,0,0,0,2,48,40,39215.68627,39215.68627,0,0,0.0,0.0,0.0,0,2,2,0,2,0,0,0,1.0,0.0,0.0,0.0,0,0,0,0,0,0,0,0,0,0,1024,0,0,24,0.0,0.0,0,0,0.0,0.0,0,0,-1,-1,51,Infiltration - Portscan,-1,Infiltration
2886729729,34222,3232238130,80,6,2026-09-12 10:41:00,9560732,8,4,20,11595,20,0,2.5,7.071067812,7300,0,2898.75,3564.922568,1214.865138,1.255134021,869157.4545,2868111.299,9516769,1,9560732,1365818.857,3594259.139,9516769,1,41196,13732.0,21985.27364,39099,189,1,1,0,0,1,0,172,92,0.836756014,0.418378007,0,7300,967.9166667,2345.112382,5499552.083,1,2,1,2,11,0,0,0,0.5,967.9166667,2.5,2898.75,0,0,0,0,0,0,0,1,0,966,8192,229,1,20,43963.0,0.0,43963,43963,9516769.0,0.0,9516769,9516769,-1,-1,9560732,DDoS,-1,DDoS
3232238105,51346,839964172,443,6,2026-09-12 10:43:54,64033271,2,0,0,0,0,0,0.0,0.0,0,0,0.0,0.0,0.0,0.031233763,64033271.0,0.0,64033271,64033271,64033271,64033271.0,0.0,64033271,64033271,0,0.0,0.0,0,0,0,0,0,0,0,0,64,0,0.031233763,0.0,0,0,0.0,0.0,0.0,2,0,0,0,2,0,0,0,0.0,0.0,0.0,0.0,0,0,0,0,0,0,1,0,0,0,65535,0,0,32,0.0,0.0,0,0,64033271.0,0.0,64033271,64033271,-1,-1,1063407107,BENIGN,-1,BENIGN
2886729729,60132,3232238130,80,6,2026-09-12 10:45:18,41556341,16,7,3564,11632,396,0,222.75,202.8896252,5792,0,1661.714286,2124.411582,365.6722328,0.553465475,1888924.591,3656233.024,13359870,13,41556341,2770422.733,4179138.031,13359870,220,41516475,6919412.5,10457800.08,26696824,13,9,1,0,0,0,0,520,232,0.385019461,0.168446014,0,5792,660.6956522,1310.434017,1717237.312,1,2,0,10,22,0,0,0,0.4375,660.6956522,222.75,1661.714286,1980,5,1192,11632,4,45615686,0,154,0,505,29200,235,9,32,2222283.667,3847542.533,6665043,83,8712420.25,3684992.785,13359870,5003039,-1,-1,41556341,DoS GoldenEye,-1,DoS
2886729729,58855,3232238130,80,6,2026-09-12 10:50:24,154980,9,7,20,12970,20,0,2.222222222,6.666666667,5840,0,1852.857143,2011.015202,83817.26674,103.2391276,10332.0,19266.54153,67153,3,154980,19372.5,30269.28726,85986,3,87590,14598.33333,26490.5593,67153,46,1,2,0,0,1,0,204,152,58.07200929,45.16711834,0,5840,811.875,1586.417216,2516719.583,2,2,1,3,15,0,0,0,0.777777778,811.875,2.222222222,1852.857143,0,0,0,12970,5,786680,0,1,0,810,8192,229,1,20,0.0,0.0,0,0,0.0,0.0,0,0,-1,-1,154980,DDoS,-1,DDoS
3232238094,62599,3232238083,53,17,2026-09-12 10:55:24,31197,4,2,136,182,34,34,34.0,0.0,91,91,91.0,0.0,10193.28782,192.3261852,6239.4,13729.40482,30798,4,30806,10268.66667,17778.92419,30798,4,48,48.0,0.0,48,48,0,0,0,0,0,0,32,16,128.2174568,64.1087284,34,91,53.0,29.43467343,866.4,0,0,0,0,0,0,0,0,0.5,53.0,34.0,91.0,136,4,4414,0,0,0,0,22,0,30,0,0,3,8,0.0,0.0,0,0,0.0,0.0,0,0,-1,-1,0,BENIGN,-1,BENIGN
2886729729,59176,3232238130,80,6,2026-09-12 11:00:48,921028,8,4,20,11595,20,0,2.5,7.071067812,7300,0,2898.75,3564.922568,12610.90868,13.02891986,83729.81818,212696.0234,703197,53,921028,131575.4286,261186.3754,703197,238,213800,71266.66667,99579.65789,185081,188,1,1,0,0,1,0,172,92,8.685946573,4.342973286,0,7300,967.9166667,2345.112382,5499552.083,1,2,1,2,11,0,0,0,0.5,967.9166667,2.5,2898.75,0,0,0,0,0,0,0,1,0,966,8192,229,1,20,0.0,0.0,0,0,0.0,0.0,0,0,-1,-1,921028,DDoS,-1,DDoS
3232238083,62493,3232238081,53,17,2026-09-12 11:07:12,30356,1,1,56,97,56,56,56.0,0.0,97,97,97.0,0.0,5040.189748,65.88483331,30356.0,0.0,30356,30356,0,0.0,0.0,0,0,0,0.0,0.0,0,0,0,0,0,0,0,0,8,8,32.94241666,32.94241666,56,97,76.5,28.99137803,840.5,0,0,0,0,0,0,0,0,1.0,76.5,56.0,97.0,0,0,0,0,0,0,0,28,0,48,0,0,0,8,0.0,0.0,0,0,0.0,0.0,0,0,-1,-1,0,BENIGN,-1,BENIGN
2886729729,60652,3232238130,80,6,2026-09-12 11:12:24,15780474,6,4,407,3525,407,0,67.83333333,166.1570542,3525,0,881.25,1762.5,249.1686878,0.633694527,1753386.0,3751618.365,10735373,32,15780474,3156094.8,4767647.255,10738526,32,15741177,5247059.0,5371344.062,10735373,874,1,1,0,0,0,0,200,136,0.380216716,0.253477811,0,3525,393.2,1107.811235,1227245.733,1,2,0,2,9,0,0,0,0.666666667,393.2,67.83333333,881.25,0,0,0,0,0,0,0,40,0,352,29200,235,1,32,2105.5,1646.851693,3270,941,7868516.5,4054347.344,10735373,5001660,-1,-1,15780474,DoS GoldenEye,-1,DoS
2886729729,35103,3232238130,80,6,2026-09-12 11:12:54,11349121,7,6,20,11595,20,0,2.857142857,7.55928946,5840,0,1932.5,2540.743494,1023.427277,1.14546316,945760.0833,3232193.246,11208640,1,11349121,1891520.167,4564772.807,11208640,1,134091,26818.2,59402.94655,133079,3,1,1,0,0,1,0,152,132,0.616787855,0.528675304,0,5840,893.4615385,1921.524335,3692255.769,1,2,1,2,12,0,0,0,0.857142857,893.4615385,2.857142857,1932.5,0,0,0,0,0,0,0,1,0,891,8192,229,1,20,140481.0,0.0,140481,140481,11208640.0,0.0,11208640,11208640,-1,-1,11349121,DDoS,-1,DDoS
3232238097,47265,3232238083,53,17,2026-09-12 11:17:30,319,2,2,60,344,30,30,30.0,0.0,172,172,172.0,0.0,1266457.68,12539.18495,106.3333333,182.4426851,317,1,1,1.0,0.0,1,1,1,1.0,0.0,1,1,0,0,0,0,0,0,16,16,6269.592476,6269.592476,30,172,101.0,81.98373822,6721.333333,0,0,0,0,0,0,0,0,1.0,101.0,30.0,172.0,0,0,0,0,0,0,0,15,0,86,0,0,1,8,0.0,0.0,0,0,0.0,0.0,0,0,-1,-1,0,BENIGN,-1,BENIGN
2886729729,57096,3232238130,80,6,2026-09-12 11:19:00,11428639,7,6,20,11595,20,0,2.857142857,7.55928946,4380,0,1932.5,1759.107018,1016.306491,1.137493275,952386.5833,3089529.307,10744162,2,11428639,1904773.167,4338527.931,10744162,2,682883,136576.6,296357.1307,666572,16,1,1,0,0,1,0,152,132,0.612496379,0.524996896,0,4380,893.4615385,1513.893139,2291872.436,1,2,1,2,12,0,0,0,0.857142857,893.4615385,2.857142857,1932.5,0,0,0,11595,4,45292968,0,1,0,891,8192,229,1,20,684477.0,0.0,684477,684477,10744162.0,0.0,10744162,10744162,-1,-1,11428639,DDoS,-1,DDoS
2886729729,59892,3232238130,80,6,2026-09-12 11:26:18,10978564,9,6,20,11595,20,0,2.222222222,6.666666667,7215,0,1932.5,3125.165196,1057.970787,1.366298908,784183.1429,2740262.595,10286651,1,10978564,1372320.5,3609799.556,10286651,1,655600,131120.0,284937.8088,640719,4,1,1,0,0,1,0,192,132,0.819779345,0.546519563,0,7215,774.3333333,2108.607247,4446224.524,2,2,1,2,14,0,0,0,0.666666667,774.3333333,2.222222222,1932.5,0,0,0,0,0,0,0,1,0,773,8192,229,1,20,691913.0,0.0,691913,691913,10286651.0,0.0,10286651,10286651,-1,-1,10978564,DDoS,-1,DDoS
2886729729,32830,3232238130,80,6,2026-09-12 11:26:30,11511315,8,4,393,11632,393,0,49.125,138.9464825,11632,0,2908.0,5816.0,1044.624354,1.042452578,1046483.182,2340908.85,6467142,1,11511315,1644473.571,2837901.621,6468599,1,11472443,3824147.667,3390783.77,6467142,981,1,1,0,0,0,0,264,136,0.694968385,0.347484193,0,11632,1002.083333,3349.46157,11218892.81,1,2,0,2,11,0,0,0,0.5,1002.083333,49.125,2908.0,0,0,0,0,0,0,0,32,0,969,29200,235,1,32,1700.0,947.5230868,2370,1030,5734546.0,1036047.199,6467142,5001950,-1,-1,11511315,DoS GoldenEye,-1,DoS
2886729729,58364,3232238130,80,6,2026-09-12 11:33:12,3156,1,1,0,0,0,0,0.0,0.0,0,0,0.0,0.0,0.0,633.7135615,3156.0,0.0,3156,3156,0,0.0,0.0,0,0,0,0.0,0.0,0,0,0,0,0,0,0,0,32,32,316.8567807,316.8567807,0,0,0.0,0.0,0.0,1,0,0,0,2,0,0,0,1.0,0.0,0.0,0.0,0,0,0,0,0,0,0,0,0,0,0,227,0,0,0.0,0.0,0,0,0.0,0.0,0,0,-1,-1,635689013,DoS GoldenEye - Attempted,0,DoS
3232238092,41334,3232238083,53,17,2026-09-12 11:33:36,251,2,2,64,258,32,32,32.0,0.0,129,129,129.0,0.0,1282868.526,15936.25498,83.66666667,105.1395898,202,1,1,1.0,0.0,1,1,48,48.0,0.0,48,48,0,0,0,0,0,0,16,16,7968.12749,7968.12749,32,129,80.5,56.00297611,3136.333333,0,0,0,0,0,0,0,0,1.0,80.5,32.0,129.0,0,0,0,0,0,0,0,16,0,64,0,0,1,8,0.0,0.0,0,0,0.0,0.0,0,0,-1,-1,0,BENIGN,-1,BENIGN
3232238088,60817,3232238097,9011,6,2026-09-12 11:34:12,96,2,2,0,0,0,0,0.0,0.0,0,0,0.0,0.0,0.0,41666.66667,32.0,26.05762844,49,2,2,2.0,0.0,2,2,49,49.0,0.0,49,49,0,0,0,0,0,2,48,40,20833.33333,20833.33333,0,0,0.0,0.0,0.0,0,2,2,0,2,0,0,0,1.0,0.0,0.0,0.0,0,0,0,0,0,0,0,0,0,0,1024,0,0,24,0.0,0.0,0,0,0.0,0.0,0,0,-1,-1,96,Infiltration - Portscan,-1,Infiltration
3232238088,60817,3232238097,5555,6,2026-09-12 11:34:12,62,2,2,0,0,0,0,0.0,0.0,0,0,0.0,0.0,0.0,64516.12903,20.66666667,30.59956427,56,3,3,3.0,0.0,3,3,3,3.0,0.0,3,3,0,0,0,0,0,2,48,40,32258.06452,32258.06452,0,0,0.0,0.0,0.0,0,2,2,0,2,0,0,0,1.0,0.0,0.0,0.0,0,0,0,0,0,0,0,0,0,0,1024,0,0,24,0.0,0.0,0,0,0.0,0.0,0,0,-1,-1,62,Infiltration - Portscan,-1,Infiltration
3232238088,60817,3232238097,13,6,2026-09-12 11:34:12,98,2,2,0,0,0,0,0.0,0.0,0,0,0.0,0.0,0.0,40816.32653,32.66666667,27.42869544,49,1,48,48.0,0.0,48,48,1,1.0,0.0,1,1,0,0,0,0,0,2,48,40,20408.16327,20408.16327,0,0,0.0,0.0,0.0,0,2,2,0,2,0,0,0,1.0,0.0,0.0,0.0,0,0,0,0,0,0,0,0,0,0,1024,0,0,24,0.0,0.0,0,0,0.0,0.0,0,0,-1,-1,98,Infiltration - Portscan,-1,Infiltration
2886729729,60256,3232238130,80,6,2026-09-12 11:39:18,9211400,9,5,20,11595,20,0,2.222222222,6.666666667,8675,0,2319.0,3771.379721,1260.937534,1.519855831,708569.2308,2202707.969,7950092,1,9211400,1151425.0,2781761.3,7950092,1,1246500,311625.0,621148.7849,1243347,192,1,1,0,0,1,0,192,112,0.977050177,0.542805654,0,8675,829.6428571,2388.210196,5703547.94,1,2,1,2,13,0,0,0,0.555555556,829.6428571,2.222222222,2319.0,0,0,0,0,0,0,0,1,0,828,8192,229,1,20,1261308.0,0.0,1261308,1261308,7950092.0,0.0,7950092,7950092,-1,-1,9211400,DDoS,-1,DDoS
2886729729,33498,3232238130,80,6,2026-09-12 11:43:30,9867320,9,5,372,11632,372,0,41.33333333,124.0,5840,0,2326.4,3185.599598,1216.541067,1.41882497,759024.6154,1843901.074,5003086,4,9867320,1233415.0,2284053.953,5042030,4,9828302,2457075.5,2837638.656,5004863,158,1,1,0,0,0,0,296,168,0.912101766,0.506723203,0,5840,857.4285714,2103.087025,4422975.033,1,2,0,2,13,0,0,0,0.555555556,857.4285714,41.33333333,2326.4,0,0,0,0,0,0,0,26,0,830,29200,235,1,32,4825290.0,0.0,4825290,4825290,5003086.0,0.0,5003086,5003086,-1,-1,9867320,DoS GoldenEye,-1,DoS
3232238085,61288,3232238083,53,17,2026-09-12 11:47:48,218,2,2,76,332,38,38,38.0,0.0,166,166,166.0,0.0,1871559.633,18348.62385,72.66666667,84.73684755,167,3,48,48.0,0.0,48,48,3,3.0,0.0,3,3,0,0,0,0,0,0,16,16,9174.311927,9174.311927,38,166,102.0,73.90083446,5461.333333,0,0,0,0,0,0,0,0,1.0,102.0,38.0,166.0,0,0,0,0,0,0,0,19,0,83,0,0,1,8,0.0,0.0,0,0,0.0,0.0,0,0,-1,-1,0,BENIGN,-1,BENIGN
2886729729,33854,3232238130,80,6,2026-09-12 11:51:30,11376651,10,8,1182,11632,394,0,118.2,190.3200813,7240,0,1454.0,2443.565545,1126.342014,1.582187939,669214.7647,1812217.862,5923304,22,11376651,1264072.333,2402474.999,5924204,215,11338042,1619720.286,2642671.361,5923304,49,3,1,0,0,0,0,328,264,0.8789933,0.70319464,0,7240,711.8888889,1715.904491,2944328.222,1,2,0,4,17,0,0,0,0.8,711.8888889,118.2,1454.0,0,0,0,11632,5,23787321,0,65,0,646,29200,235,3,32,413225.0,0.0,413225,413225,5923304.0,0.0,5923304,5923304,-1,-1,11376651,DoS GoldenEye,-1,DoS
2886729729,57999,3232238130,80,6,2026-09-12 11:52:36,2244045,8,5,20,11595,20,0,2.5,7.071067812,11595,0,2319.0,5185.44164,5175.92116,5.793110209,187003.75,495928.5216,1686766,1,2244045,320577.8571,642704.8668,1708291,1,1704615,426153.75,840445.134,1686766,4,1,1,0,0,1,0,172,112,3.564990898,2.228119311,0,11595,893.4615385,3215.416889,10338905.77,2,2,1,2,12,0,0,0,0.625,893.4615385,2.5,2319.0,0,0,0,0,0,0,0,1,0,891,8192,229,1,20,0.0,0.0,0,0,0.0,0.0,0,0,-1,-1,2244045,DDoS,-1,DDoS
2886729729,58154,3232238130,80,6,2026-09-12 11:58:54,9460707,7,5,20,11595,20,0,2.857142857,7.55928946,8760,0,2319.0,3669.844002,1227.709515,1.268404148,860064.2727,2420193.704,8048756,3,9460707,1576784.5,3219878.357,8048756,3,1394054,348513.5,693210.4557,1388323,185,1,1,0,0,1,0,152,112,0.73990242,0.528501728,0,8760,967.9166667,2513.922558,6319806.629,1,2,1,2,11,0,0,0,0.714285714,967.9166667,2.857142857,2319.0,0,0,0,0,0,0,0,1,0,966,8192,229,1,20,1411951.0,0.0,1411951,1411951,8048756.0,0.0,8048756,8048756,-1,-1,9460707,DDoS,-1,DDoS
2886729729,34210,3232238130,80,6,2026-09-12 11:59:36,105689903,12,6,1086,11632,362,0,90.5,163.7206601,5792,0,1938.666667,2368.571102,120.3331599,0.170309552,6217053.118,22776792.98,94327022,46,105689903,9608173.0,28182489.08,94327022,198,11323548,2264709.6,2935722.907,5910991,49,3,1,0,0,1,0,392,200,0.113539701,0.056769851,0,5792,706.5555556,1571.967191,2471080.85,1,2,1,4,17,0,0,0,0.5,706.5555556,90.5,1938.666667,0,0,0,0,0,0,0,60,0,646,29200,235,3,32,2725945.0,3273301.942,5040519,411371,50119006.5,62519575.09,94327022,5910991,-1,-1,105689903,DoS GoldenEye,-1,DoS
2886729729,34538,3232238130,80,6,2026-09-12 12:07:36,10681062,6,4,729,3525,729,0,121.5,297.6130037,3525,0,881.25,1762.5,398.275003,0.93623649,1186784.667,2347774.369,5637789,47,10681062,2136212.4,2931998.766,5641883,218,10642520,3547506.667,3086965.809,5637789,1886,1,1,0,0,0,0,200,136,0.561741894,0.374494596,0,3525,425.4,1112.924795,1238601.6,1,2,0,2,9,0,0,0,0.666666667,425.4,121.5,881.25,0,0,0,0,0,0,0,72,0,352,29200,238,1,32,1933.0,0.0,1933,1933,5637789.0,0.0,5637789,5637789,-1,-1,10681062,DoS GoldenEye,-1,DoS
2886729729,58379,3232238130,80,6,2026-09-12 12:08:24,12015668,8,6,20,11595,20,0,2.5,7.071067812,5840,0,1932.5,2190.830322,966.6545381,1.165145375,924282.1538,3318135.733,11967682,3,12015668,1716524.0,4520343.639,11967682,3,23800,4760.0,9660.795361,22015,45,1,1,0,0,1,0,172,132,0.665797357,0.499348018,0,5840,829.6428571,1681.80588,2828471.016,1,2,1,2,13,0,0,0,0.75,829.6428571,2.5,1932.5,0,0,0,11595,4,7985537,0,1,0,828,8192,229,1,20,47986.0,0.0,47986,47986,11967682.0,0.0,11967682,11967682,-1,-1,12015668,DDoS,-1,DDoS
3232238083,61032,3232238081,53,17,2026-09-12 12:08:42,67029,1,1,58,186,58,58,58.0,0.0,186,186,186.0,0.0,3640.215429,29.83783139,67029.0,0.0,67029,67029,0,0.0,0.0,0,0,0,0.0,0.0,0,0,0,0,0,0,0,0,8,8,14.91891569,14.91891569,58,186,122.0,90.50966799,8192.0,0,0,0,0,0,0,0,0,1.0,122.0,58.0,186.0,0,0,0,0,0,0,0,29,0,93,0,0,0,8,0.0,0.0,0,0,0.0,0.0,0,0,-1,-1,0,BENIGN,-1,BENIGN
2886729729,36876,3232238130,80,6,2026-09-12 12:18:18,6103434,9,6,20,11595,20,0,2.222222222,6.666666667,7215,0,1932.5,3125.165196,1903.02705,2.457632867,435959.5714,1574954.321,5905579,1,6103434,762929.25,2079001.867,5905579,1,190725,38145.0,77372.15062,176179,46,1,1,0,0,1,0,192,132,1.47457972,0.983053147,0,7215,774.3333333,2108.607247,4446224.524,2,2,1,2,14,0,0,0,0.666666667,774.3333333,2.222222222,1932.5,0,0,0,0,0,0,0,1,0,773,8192,229,1,20,197855.0,0.0,197855,197855,5905579.0,0.0,5905579,5905579,-1,-1,6103434,DDoS,-1,DDoS
2886729729,35116,3232238130,80,6,2026-09-12 12:20:42,84561991,10,8,413,11632,413,0,41.3,130.6020674,4344,0,1454.0,1725.027867,142.4398818,0.212861592,4974234.765,17607605.34,72976640,3,84561991,9395776.778,23945083.64,72976640,507,10550243,1507177.571,2536753.151,5426891,3,1,1,0,0,1,0,336,264,0.11825644,0.094605152,0,4344,669.1666667,1325.173296,1756084.265,1,3,1,2,16,0,0,0,0.8,669.1666667,41.3,1454.0,0,0,0,11632,5,26080717,0,22,0,646,29200,235,1,32,385340.3333,632795.2258,1115751,2671,27801990.0,39122970.13,72976640,5002439,-1,-1,84561991,DoS GoldenEye,-1,DoS
2886729729,37125,3232238130,80,6,2026-09-12 12:26:30,10028513,8,7,20,11595,20,0,2.5,7.071067812,4380,0,1656.428571,1563.027816,1158.197631,1.49573521,716322.3571,2647303.537,9913608,1,10028513,1432644.714,3739955.59,9913608,1,110338,18389.66667,41934.95257,103870,48,1,1,0,0,1,0,172,152,0.797725445,0.698009765,0,4380,774.3333333,1332.857921,1776510.238,1,2,1,2,14,0,0,0,0.875,774.3333333,2.5,1656.428571,0,0,0,11595,5,15176701,0,1,0,773,8192,229,1,20,114905.0,0.0,114905,114905,9913608.0,0.0,9913608,9913608,-1,-1,10028513,DDoS,-1,DDoS
3232238095,60850,3232238083,53,17,2026-09-12 12:28:24,177,2,2,70,166,35,35,35.0,0.0,83,83,83.0,0.0,1333333.333,22598.87006,59.0,62.23343153,126,3,3,3.0,0.0,3,3,48,48.0,0.0,48,48,0,0,0,0,0,0,16,16,11299.43503,11299.43503,35,83,59.0,27.71281292,768.0,0,0,0,0,0,0,0,0,1.0,59.0,35.0,83.0,0,0,0,0,0,0,0,17,0,41,0,0,1,8,0.0,0.0,0,0,0.0,0.0,0,0,-1,-1,0,BENIGN,-1,BENIGN
2886729729,35488,3232238130,80,6,2026-09-12 12:28:48,85428142,8,4,432,3525,432,0,54.0,152.7350647,3525,0,881.25,1762.5,46.31963083,0.140468934,7766194.727,22145590.42,74266292,119,85428142,12204020.29,27463767.87,74266292,131,10125310,3375103.333,2922572.767,5121077,1094,1,1,0,0,1,0,272,136,0.093645956,0.046822978,0,3525,329.75,1013.877716,1027948.023,1,3,1,2,10,0,0,0,0.5,329.75,54.0,881.25,0,0,0,0,0,0,0,36,0,293,29200,235,1,32,346317.0,565761.9104,999252,1317,28129730.33,39955478.94,74266292,5001822,-1,-1,85428142,DoS GoldenEye,-1,DoS
3232238088,50746,3232238099,3889,6,2026-09-12 12:32:48,83,2,2,0,0,0,0,0.0,0.0,0,0,0.0,0.0,0.0,48192.77108,27.66666667,23.18045153,49,3,3,3.0,0.0,3,3,49,49.0,0.0,49,49,0,0,0,0,0,2,48,40,24096.38554,24096.38554,0,0,0.0,0.0,0.0,0,2,2,0,2,0,0,0,1.0,0.0,0.0,0.0,0,0,0,0,0,0,0,0,0,0,1024,0,0,24,0.0,0.0,0,0,0.0,0.0,0,0,-1,-1,83,Infiltration - Portscan,-1,Infiltration
3232238088,50746,3232238099,3017,6,2026-09-12 12:32:48,63,2,2,0,0,0,0,0.0,0.0,0,0,0.0,0.0,0.0,63492.06349,21.0,24.0208243,48,2,13,13.0,0.0,13,13,48,48.0,0.0,48,48,0,0,0,0,0,2,48,40,31746.03175,31746.03175,0,0,0.0,0.0,0.0,0,2,2,0,2,0,0,0,1.0,0.0,0.0,0.0,0,0,0,0,0,0,0,0,0,0,1024,0,0,24,0.0,0.0,0,0,0.0,0.0,0,0,-1,-1,63,Infiltration - Portscan,-1,Infiltration
3232238088,50746,3232238099,6003,6,2026-09-12 12:32:48,20,1,1,0,0,0,0,0.0,0.0,0,0,0.0,0.0,0.0,100000.0,20.0,0.0,20,20,0,0.0,0.0,0,0,0,0.0,0.0,0,0,0,0,0,0,0,1,24,20,50000.0,50000.0,0,0,0.0,0.0,0.0,0,1,1,0,1,0,0,0,1.0,0.0,0.0,0.0,0,0,0,0,0,0,0,0,0,0,1024,0,0,24,0.0,0.0,0,0,0.0,0.0,0,0,-1,-1,20,Infiltration - Portscan,-1,Infiltration
2886729729,35738,3232238130,80,6,2026-09-12 12:35:00,80665427,10,5,245,11632,245,0,24.5,77.47580267,7288,0,2326.4,3351.290617,147.2377999,0.185953271,5761816.214,18417618.23,69355584,1,80665427,8962825.222,22781328.04,69355584,1,11271173,2817793.25,3294179.033,6269094,161,1,1,0,0,1,0,328,168,0.123968847,0.061984424,0,7288,791.8,2115.269257,4474364.029,1,2,1,2,14,0,0,0,0.5,791.8,24.5,2326.4,0,0,0,0,0,0,0,16,0,775,29200,235,1,32,2520374.5,3563346.537,5040041,708,37812339.0,44608884.88,69355584,6269094,-1,-1,80665427,DoS GoldenEye,-1,DoS
2886729729,37428,3232238130,80,6,2026-09-12 12:36:42,11820693,8,4,20,11595,20,0,2.5,7.071067812,8760,0,2898.75,4129.722297,982.5989052,1.015168908,1074608.455,3010520.843,10007189,99,11820693,1688670.429,3727915.642,10007189,221,1809626,603208.6667,1024589.583,1786228,177,1,1,0,0,1,0,172,92,0.676779272,0.338389636,0,8760,967.9166667,2585.4993,6684806.629,1,2,1,2,11,0,0,0,0.5,967.9166667,2.5,2898.75,0,0,0,0,0,0,0,1,0,966,8192,229,1,20,1813504.0,0.0,1813504,1813504,10007189.0,0.0,10007189,10007189,-1,-1,11820693,DDoS,-1,DDoS
2886729729,62038,3232238130,80,6,2026-09-12 12:44:30,4167916,8,6,20,11595,20,0,2.5,7.071067812,4380,0,1932.5,1759.107018,2786.764417,3.35899284,320608.9231,1133585.799,4093049,1,4167916,595416.5714,1542463.106,4093049,1,71241,14248.2,24532.71446,56741,16,1,1,0,0,1,0,172,132,1.91942448,1.43956836,0,4380,829.6428571,1473.972216,2172594.093,1,2,1,2,13,0,0,0,0.75,829.6428571,2.5,1932.5,0,0,0,11595,4,45292968,0,1,0,828,8192,229,1,20,0.0,0.0,0,0,0.0,0.0,0,0,-1,-1,4167916,DDoS,-1,DDoS
3232238096,33710,1122734505,443,6,2026-09-12 12:46:48,18362219,16,17,4504,4994,1469,0,281.5,550.2893784,1448,0,293.7647059,505.0901565,517.2577454,1.797168414,573819.3437,1980736.779,10140778,3,18362067,1224137.8,2803644.199,10140778,49,18327146,1145446.625,2739438.383,10175288,3,6,6,0,0,0,0,520,552,0.871354383,0.925814032,0,1469,287.8181818,519.1752146,269542.9034,2,2,0,12,32,0,0,0,1.0625,287.8181818,281.5,293.7647059,0,0,0,0,0,0,0,136,0,151,29200,8884,6,32,1574060.5,2177275.824,3113627,34494,7589382.0,3608218.826,10140778,5037986,-1,-1,18362219,BENIGN,-1,BENIGN
2886729729,36144,3232238130,80,6,2026-09-12 12:50:12,116737619,9,6,622,11632,341,0,69.11111111,137.9560115,8736,0,1938.666667,3525.732302,104.9704466,0.128493284,8338401.357,27845754.47,104789153,1,116737577,14592197.13,36548272.41,104789153,1,116737568,23347513.6,45650682.04,104827211,177,2,1,0,0,0,1,296,188,0.07709597,0.051397313,0,8736,816.9333333,2312.837665,5349218.067,1,2,1,3,13,0,0,0,0.666666667,816.9333333,69.11111111,1938.666667,0,0,0,0,0,0,0,41,0,775,29200,0,2,32,2521211.5,3564359.114,5041594,829,55847577.0,69213840.54,104789153,6906001,-1,-1,116737619,DoS GoldenEye,-1,DoS
2886729729,37869,3232238130,80,6,2026-09-12 12:52:48,7306641,8,6,20,11595,20,0,2.5,7.071067812,4380,0,1932.5,2179.47184,1589.649745,1.916065125,562049.3077,1548369.799,5413860,1,7306641,1043805.857,2051797.153,5413860,1,1889454,377890.8,844421.0494,1888437,17,1,1,0,0,1,0,172,132,1.094894357,0.821170768,0,4380,829.6428571,1676.120136,2809378.709,1,2,1,2,13,0,0,0,0.75,829.6428571,2.5,1932.5,0,0,0,0,0,0,0,1,0,828,8192,229,1,20,1892781.0,0.0,1892781,1892781,5413860.0,0.0,5413860,5413860,-1,-1,7306641,DDoS,-1,DDoS
2886729729,38073,3232238130,80,6,2026-09-12 13:00:48,10043342,8,7,20,11595,20,0,2.5,7.071067812,5840,0,1656.428571,2431.663892,1156.487552,1.493526756,717381.5714,2551947.922,9575384,2,10043342,1434763.143,3593295.597,9575384,3,438014,73002.33333,170787.992,421389,2,1,1,0,0,1,0,172,152,0.796547603,0.696979153,0,5840,774.3333333,1806.550449,3263624.524,2,2,1,2,14,0,0,0,0.875,774.3333333,2.5,1656.428571,0,0,0,0,0,0,0,1,0,773,8192,229,1,20,467958.0,0.0,467958,467958,9575384.0,0.0,9575384,9575384,-1,-1,10043342,DDoS,-1,DDoS
2886729729,36932,3232238130,80,6,2026-09-12 13:04:12,54051153,10,5,383,11632,383,0,38.3,121.1152344,10184,0,2326.4,4437.056321,222.2894302,0.277514894,3860796.643,11228861.19,42137971,1,54051153,6005683.667,13800547.73,42137971,1,11875955,2968988.75,3512039.924,6874030,161,1,1,0,0,1,0,328,168,0.185009929,0.092504965,0,10184,801.0,2623.155597,6880945.286,1,2,1,2,14,0,0,0,0.5,801.0,38.3,2326.4,0,0,0,0,0,0,0,25,0,775,29200,235,1,32,2519576.0,3562147.991,5038395,757,24506000.5,24935371.81,42137971,6874030,-1,-1,54051153,DoS GoldenEye,-1,DoS
3232238092,33852,3322431188,443,6,2026-09-12 13:06:36,198298,8,5,563,2713,342,0,70.375,134.2619375,1451,0,542.6,715.5279869,16520.59022,65.55789771,16524.83333,21116.97963,60784,2,198298,28328.28571,20709.71936,60784,2,170532,42633.0,49299.62117,89098,2,2,3,0,0,1,0,180,108,40.34332167,25.21457604,0,1451,252.0,488.2151165,238354.0,1,2,1,5,11,0,0,0,0.625,252.0,70.375,542.6,0,0,0,0,0,0,0,43,0,208,29200,11256,2,20,0.0,0.0,0,0,0.0,0.0,0,0,-1,-1,198298,BENIGN,-1,BENIGN
2886729729,38383,3232238130,80,6,2026-09-12 13:12:06,9756019,8,7,20,11595,20,0,2.5,7.071067812,5840,0,1656.428571,2129.152246,1190.547087,1.537512381,696858.5,2437203.88,9146225,2,9756019,1393717.0,3426015.418,9146225,130,604862,100810.3333,246438.7344,603851,2,1,1,0,0,1,0,172,152,0.820006603,0.717505778,0,5840,774.3333333,1634.724602,2672324.524,1,2,1,2,14,0,0,0,0.875,774.3333333,2.5,1656.428571,0,0,0,11595,4,39982758,0,1,0,773,8192,229,1,20,609794.0,0.0,609794,609794,9146225.0,0.0,9146225,9146225,-1,-1,9756019,DDoS,-1,DDoS
2886729729,37162,3232238130,80,6,2026-09-12 13:13:36,44530753,7,4,480,3525,480,0,68.57142857,181.422947,3525,0,881.25,1762.5,89.93784587,0.247020301,4453075.3,10903122.38,34970293,4,44530753,7421792.167,13698434.21,34970293,4,9521391,3173797.0,2758314.307,5000428,866,1,1,0,0,1,0,232,136,0.157194737,0.089825564,0,3525,364.0909091,1058.198512,1119784.091,1,2,1,2,10,0,0,0,0.571428571,364.0909091,68.57142857,881.25,0,0,0,0,0,0,0,43,0,320,29200,235,1,32,9560460.0,0.0,9560460,9560460,34970293.0,0.0,34970293,34970293,-1,-1,44530753,DoS GoldenEye,-1,DoS
3232238092,59602,2336049789,443,6,2026-09-12 13:17:00,6001050,11,7,912,5096,517,0,82.90909091,176.4791515,2648,0,728.0,1000.685765,1001.158131,2.999475092,353002.9412,1329416.08,5509508,1,6001050,600105.0,1725703.499,5509508,3,5912635,985439.1667,2280752.419,5640132,192,3,3,0,0,0,0,360,232,1.833012556,1.166462536,0,2648,333.7777778,690.2618902,476461.4771,2,2,0,6,17,0,0,0,0.636363636,333.7777778,82.90909091,728.0,0,0,0,0,0,0,0,50,0,283,29200,130,3,32,403343.0,0.0,403343,403343,5509508.0,0.0,5509508,5509508,-1,-1,6001050,BENIGN,-1,BENIGN
2886729729,60270,3232238130,80,6,2026-09-12 13:18:48,3088928,7,4,20,11595,20,0,2.857142857,7.55928946,8760,0,2898.75,4129.722297,3760.204187,3.561105989,308892.8,957879.9954,3034938,2,3088928,514821.3333,1234665.777,3034938,2,34749,11583.0,13922.42838,27101,187,1,1,0,0,1,0,152,92,2.266158357,1.294947632,0,8760,1055.909091,2692.783707,7251084.091,1,2,1,2,10,0,0,0,0.571428571,1055.909091,2.857142857,2898.75,0,0,0,0,0,0,0,1,0,1054,8192,229,1,20,0.0,0.0,0,0,0.0,0.0,0,0,-1,-1,3088928,DDoS,-1,DDoS
2886729729,37592,3232238130,80,6,2026-09-12 13:25:36,32668851,7,5,362,3525,362,0,51.71428571,136.8231392,2077,0,705.0,990.6447396,118.9818399,0.367322377,2969895.545,7525783.59,25143543,49,32668851,5444808.5,9858016.459,25143543,273,7487571,1871892.75,2393984.082,5005092,49,1,1,0,0,1,0,232,168,0.214271387,0.15305099,0,2077,323.9166667,692.99173,480237.5379,1,2,1,2,11,0,0,0,0.714285714,323.9166667,51.71428571,705.0,0,0,0,0,0,0,0,30,0,293,29200,235,1,32,1260673.5,1729616.421,2483697,37650,15073752.0,14240835.0,25143543,5003961,-1,-1,32668851,DoS GoldenEye,-1,DoS
2886729729,38804,3232238130,80,6,2026-09-12 13:27:54,2725701,9,7,20,11595,20,0,2.222222222,6.666666667,5840,0,1656.428571,2431.663892,4261.289114,5.870049576,181713.4,585199.3253,2261065,3,2725701,340712.625,790874.7566,2261065,3,436830,72805.0,170308.2481,420222,47,1,1,0,0,1,0,192,152,3.301902887,2.56814669,0,5840,725.9375,1755.996601,3083524.063,2,2,1,2,15,0,0,0,0.777777778,725.9375,2.222222222,1656.428571,0,0,0,0,0,0,0,1,0,724,8192,229,1,20,0.0,0.0,0,0,0.0,0.0,0,0,-1,-1,2725701,DDoS,-1,DDoS
3232238088,49846,3232238105,1102,6,2026-09-12 13:28:24,21,1,1,0,0,0,0,0.0,0.0,0,0,0.0,0.0,0.0,95238.09524,21.0,0.0,21,21,0,0.0,0.0,0,0,0,0.0,0.0,0,0,0,0,0,0,0,1,24,20,47619.04762,47619.04762,0,0,0.0,0.0,0.0,0,1,1,0,1,0,0,0,1.0,0.0,0.0,0.0,0,0,0,0,0,0,0,0,0,0,1024,0,0,24,0.0,0.0,0,0,0.0,0.0,0,0,-1,-1,21,Infiltration - Portscan,-1,Infiltration
3232238088,49847,3232238105,903,6,2026-09-12 13:30:00,3,2,0,0,0,0,0,0.0,0.0,0,0,0.0,0.0,0.0,666666.6667,3.0,0.0,3,3,3,3.0,0.0,3,3,0,0.0,0.0,0,0,0,0,0,0,0,0,48,0,666666.6667,0.0,0,0,0.0,0.0,0.0,0,2,0,0,0,0,0,0,0.0,0.0,0.0,0.0,0,0,0,0,0,0,1,0,0,0,1024,0,0,24,0.0,0.0,0,0,0.0,0.0,0,0,-1,-1,3,Infiltration - Portscan,-1,Infiltration
3232238088,49846,3232238105,6969,6,2026-09-12 13:30:12,41,1,2,0,0,0,0,0.0,0.0,0,0,0.0,0.0,0.0,73170.73171,20.5,27.57716447,40,1,0,0.0,0.0,0,0,1,1.0,0.0,1,1,0,0,0,0,0,2,24,40,24390.2439,48780.4878,0,0,0.0,0.0,0.0,0,1,2,0,2,0,0,0,2.0,0.0,0.0,0.0,0,0,0,0,0,0,0,0,0,0,1024,0,0,24,0.0,0.0,0,0,0.0,0.0,0,0,-1,-1,41,Infiltration - Portscan,-1,Infiltration
3232238088,49846,3232238105,4899,6,2026-09-12 13:30:36,48,2,0,0,0,0,0,0.0,0.0,0,0,0.0,0.0,0.0,41666.66667,48.0,0.0,48,48,48,48.0,0.0,48,48,0,0.0,0.0,0,0,0,0,0,0,0,0,48,0,41666.66667,0.0,0,0,0.0,0.0,0.0,0,2,0,0,0,0,0,0,0.0,0.0,0.0,0.0,0,0,0,0,0,0,1,0,0,0,1024,0,0,24,0.0,0.0,0,0,0.0,0.0,0,0,-1,-1,48,Infiltration - Portscan,-1,Infiltration
3232238088,49848,3232238105,593,6,2026-09-12 13:32:12,42,1,1,0,0,0,0,0.0,0.0,0,0,0.0,0.0,0.0,47619.04762,42.0,0.0,42,42,0,0.0,0.0,0,0,0,0.0,0.0,0,0,0,0,0,0,0,1,24,20,23809.52381,23809.52381,0,0,0.0,0.0,0.0,0,1,1,0,1,0,0,0,1.0,0.0,0.0,0.0,0,0,0,0,0,0,0,0,0,0,1024,0,0,24,0.0,0.0,0,0,0.0,0.0,0,0,-1,-1,42,Infiltration - Portscan,-1,Infiltration
3232238088,49848,3232238105,32772,6,2026-09-12 13:32:12,75,2,2,0,0,0,0,0.0,0.0,0,0,0.0,0.0,0.0,53333.33333,25.0,23.51595203,48,1,1,1.0,0.0,1,1,48,48.0,0.0,48,48,0,0,0,0,0,2,48,40,26666.66667,26666.66667,0,0,0.0,0.0,0.0,0,2,2,0,2,0,0,0,1.0,0.0,0.0,0.0,0,0,0,0,0,0,0,0,0,0,1024,0,0,24,0.0,0.0,0,0,0.0,0.0,0,0,-1,-1,75,Infiltration - Portscan,-1,Infiltration
2886729729,37900,3232238130,80,6,2026-09-12 13:32:36,12699590,9,4,445,11632,445,0,49.44444444,148.3333333,11632,0,2908.0,5816.0,950.9755827,1.023655094,1058299.167,2238429.958,6495978,3,12699590,1587448.75,2641129.188,6498284,3,11502001,3834000.333,3402138.34,6495978,1022,1,1,0,0,1,0,296,136,0.708684296,0.314970798,0,11632,929.0,3218.202345,10356826.33,1,2,1,2,12,0,0,0,0.444444444,929.0,49.44444444,2908.0,0,0,0,0,0,0,0,34,0,894,29200,235,1,32,2155.5,1543.614103,3247,1064,5748866.0,1056575.923,6495978,5001754,-1,-1,12699590,DoS GoldenEye,-1,DoS
2886729729,63445,3232238130,80,6,2026-09-12 13:34:24,11787198,8,6,20,11595,20,0,2.5,7.071067812,5755,0,1932.5,2530.955847,985.3910997,1.187729264,906707.5385,3085729.595,11160985,1,11787198,1683885.429,4185504.692,11160985,1,617632,123526.4,275823.3595,616934,3,1,1,0,0,1,0,172,132,0.678702436,0.509026827,0,5755,829.6428571,1856.384476,3446163.324,1,2,1,2,13,0,0,0,0.75,829.6428571,2.5,1932.5,0,0,0,0,0,0,0,1,0,828,8192,229,1,20,626213.0,0.0,626213,626213,11160985.0,0.0,11160985,11160985,-1,-1,11787198,DDoS,-1,DDoS
3232238088,49848,3232238105,1328,6,2026-09-12 13:35:42,97,2,2,0,0,0,0,0.0,0.0,0,0,0.0,0.0,0.0,41237.1134,32.33333333,27.13546265,48,1,48,48.0,0.0,48,48,48,48.0,0.0,48,48,0,0,0,0,0,2,48,40,20618.5567,20618.5567,0,0,0.0,0.0,0.0,0,2,2,0,2,0,0,0,1.0,0.0,0.0,0.0,0,0,0,0,0,0,0,0,0,0,1024,0,0,24,0.0,0.0,0,0,0.0,0.0,0,0,-1,-1,97,Infiltration - Portscan,-1,Infiltration
3232238092,37130,3232238083,53,17,2026-09-12 13:35:48,211,2,2,64,204,32,32,32.0,0.0,102,102,102.0,0.0,1270142.18,18957.34597,70.33333333,77.82244749,156,4,4,4.0,0.0,4,4,51,51.0,0.0,51,51,0,0,0,0,0,0,16,16,9478.672986,9478.672986,32,102,67.0,40.41451884,1633.333333,0,0,0,0,0,0,0,0,1.0,67.0,32.0,102.0,0,0,0,0,0,0,0,16,0,51,0,0,1,8,0.0,0.0,0,0,0.0,0.0,0,0,-1,-1,0,BENIGN,-1,BENIGN
3232238088,45585,3232238130,8500,6,2026-09-12 13:41:54,30,2,2,0,0,0,0,0.0,0.0,0,0,0.0,0.0,0.0,133333.3333,10.0,13.07669683,25,1,4,4.0,0.0,4,4,1,1.0,0.0,1,1,0,0,0,0,0,2,48,40,66666.66667,66666.66667,0,0,0.0,0.0,0.0,0,2,2,0,2,0,0,0,1.0,0.0,0.0,0.0,0,0,0,0,0,0,0,0,0,0,1024,0,0,24,0.0,0.0,0,0,0.0,0.0,0,0,-1,-1,30,Infiltration - Portscan,-1,Infiltration
3232238088,45585,3232238130,5963,6,2026-09-12 13:41:54,48,1,1,0,0,0,0,0.0,0.0,0,0,0.0,0.0,0.0,41666.66667,48.0,0.0,48,48,0,0.0,0.0,0,0,0,0.0,0.0,0,0,0,0,0,0,0,1,24,20,20833.33333,20833.33333,0,0,0.0,0.0,0.0,0,1,1,0,1,0,0,0,1.0,0.0,0.0,0.0,0,0,0,0,0,0,0,0,0,0,1024,0,0,24,0.0,0.0,0,0,0.0,0.0,0,0,-1,-1,48,Infiltration - Portscan,-1,Infiltration
3232238088,45585,3232238130,119,6,2026-09-12 13:42:00,69,2,2,0,0,0,0,0.0,0.0,0,0,0.0,0.0,0.0,57971.01449,23.0,23.2594067,48,2,48,48.0,0.0,48,48,2,2.0,0.0,2,2,0,0,0,0,0,2,48,40,28985.50725,28985.50725,0,0,0.0,0.0,0.0,0,2,2,0,2,0,0,0,1.0,0.0,0.0,0.0,0,0,0,0,0,0,0,0,0,0,1024,0,0,24,0.0,0.0,0,0,0.0,0.0,0,0,-1,-1,69,Infiltration - Portscan,-1,Infiltration
2886729729,39213,3232238130,80,6,2026-09-12 13:43:00,10506709,9,7,20,12970,20,0,2.222222222,6.666666667,7300,0,1852.857143,2493.421106,1236.352887,1.522836504,700447.2667,2566372.691,9967710,1,10506709,1313338.625,3501264.041,9967710,1,493688,82281.33333,184602.2427,458578,29,1,2,0,0,1,0,204,152,0.856595533,0.66624097,0,7300,811.875,1840.083218,3385906.25,2,2,1,3,15,0,0,0,0.777777778,811.875,2.222222222,1852.857143,0,0,0,12970,5,503200,0,1,0,810,8192,229,1,20,538999.0,0.0,538999,538999,9967710.0,0.0,9967710,9967710,-1,-1,10506709,DDoS,-1,DDoS
2886729729,38186,3232238130,80,6,2026-09-12 13:45:30,5041981,5,4,487,3525,487,0,97.4,217.793021,3525,0,881.25,1762.5,795.7189843,1.785012677,630247.625,1766240.327,5001353,4,5041944,1260486.0,2518812.115,5038704,4,5004630,1668210.0,2887343.459,5002227,716,1,1,0,0,0,0,168,136,0.991673709,0.793338967,0,3525,445.7777778,1165.886656,1359291.694,1,2,0,2,8,0,0,0,0.8,445.7777778,97.4,881.25,0,0,0,0,0,0,0,54,0,391,0,235,1,0,3277.0,0.0,3277,3277,5001353.0,0.0,5001353,5001353,-1,-1,840586427,DoS GoldenEye,-1,DoS
3232238092,52880,2899905742,80,6,2026-09-12 13:48:18,115140292,17,15,437,746,437,0,25.70588235,105.9880681,746,0,49.73333333,192.6163718,10.27442244,0.277921824,3714202.968,4897668.813,10203811,15,115140292,7196268.25,4664265.194,10240049,75,115103762,8221697.286,4012373.451,10240734,18483,1,1,0,0,0,0,552,488,0.147645969,0.130275855,0,746,36.96875,150.6706479,22701.64415,2,2,0,2,31,0,0,0,0.882352941,36.96875,25.70588235,49.73333333,0,0,0,0,0,0,0,13,0,23,29200,340,1,32,41622.72727,16916.79235,92623,36201,10182062.45,60068.57543,10203811,10003883,-1,-1,115140292,BENIGN,-1,BENIGN
2886729729,38560,3232238130,80,6,2026-09-12 13:50:18,14086295,14,7,1800,11632,360,0,128.5714286,179.0082569,5792,0,1661.714286,2124.411582,953.5509515,1.490810749,704314.75,1743670.043,6382768,18,14086295,1083561.154,2098252.846,6385485,18,13050305,2175050.833,2833975.383,6382768,46,5,1,0,0,0,0,464,232,0.993873833,0.496936916,0,5792,639.6190476,1386.802887,1923222.248,1,3,0,6,19,0,0,0,0.5,639.6190476,128.5714286,1661.714286,1800,5,1082,11632,4,40671328,0,85,0,553,29200,235,5,32,2662622.0,0.0,2662622,2662622,6382768.0,0.0,6382768,6382768,-1,-1,14086295,DoS GoldenEye,-1,DoS
2886729729,61180,3232238130,80,6,2026-09-12 13:51:30,2727585,8,6,20,11595,20,0,2.5,7.071067812,7215,0,1932.5,3125.165196,4258.345753,5.132745634,209814.2308,576197.6902,2033960,3,2727585,389655.0,768056.0367,2033960,3,659500,131900.0,287974.6373,646969,4,1,1,0,0,1,0,172,132,2.932997505,2.199748129,0,7215,829.6428571,2176.88421,4738824.863,2,2,1,2,13,0,0,0,0.75,829.6428571,2.5,1932.5,0,0,0,0,0,0,0,1,0,828,8192,229,1,20,0.0,0.0,0,0,0.0,0.0,0,0,-1,-1,2727585,DDoS,-1,DDoS
3232238085,49273,390138651,80,6,2026-09-12 13:56:54,15314408,4,3,2,0,1,0,0.5,0.577350269,0,0,0.0,0.0,0.130595972,0.457085902,2552401.333,4196837.261,10007361,50,15314408,5104802.667,5004859.742,10043990,36759,15277729,7638864.5,3402004.568,10044445,5233284,0,0,0,0,0,0,80,84,0.261191944,0.195893958,0,1,0.285714286,0.487950036,0.238095238,2,0,0,0,7,0,0,0,0.75,0.285714286,0.5,0.0,0,0,0,0,0,0,0,0,0,0,256,1248,1,20,36856.5,321.7335854,37084,36629,7601968.0,3401739.403,10007361,5196575,-1,-1,136890846,BENIGN,-1,BENIGN
2886729729,39084,3232238130,80,6,2026-09-12 13:59:48,11753443,6,5,409,3525,409,0,68.16666667,166.9735508,2077,0,705.0,990.6447396,334.7104334,0.935895975,1175344.3,2500184.912,6711509,33,11753443,2350688.6,3272271.811,6712839,203,11716508,2929127.0,3452759.256,6711509,192,1,1,0,0,0,0,200,168,0.510488714,0.425407262,0,2077,357.6363636,719.0947466,517097.2545,1,2,0,2,10,0,0,0,0.833333333,357.6363636,68.16666667,705.0,0,0,0,0,0,0,0,37,0,320,29200,235,1,32,1169.0,381.8376618,1439,899,5857101.5,1208314.674,6711509,5002694,-1,-1,11753443,DoS GoldenEye,-1,DoS
2886729729,64228,3232238130,80,6,2026-09-12 14:02:36,6960818,8,4,20,11595,20,0,2.5,7.071067812,8760,0,2898.75,4129.722297,1668.625728,1.723935319,632801.6364,1807962.844,6020862,3,6960818,994402.5714,2243009.552,6020862,3,929185,309728.3333,526056.8138,917129,189,1,1,0,0,1,0,172,92,1.149290213,0.574645106,0,8760,967.9166667,2585.4993,6684806.629,1,2,1,2,11,0,0,0,0.5,967.9166667,2.5,2898.75,0,0,0,0,0,0,0,1,0,966,8192,229,1,20,939956.0,0.0,939956,939956,6020862.0,0.0,6020862,6020862,-1,-1,6960818,DDoS,-1,DDoS
2886729729,39967,3232238130,80,6,2026-09-12 14:10:24,5231052,9,5,20,11595,20,0,2.222222222,6.666666667,11595,0,2319.0,5185.44164,2220.394674,2.676325909,402388.6154,1134765.135,4025814,1,5231052,653881.5,1422841.12,4025814,1,1175545,293886.25,578453.8706,1161520,5,1,1,0,0,1,0,192,112,1.720495227,0.955830682,0,11595,829.6428571,3098.487512,9600624.863,2,2,1,2,13,0,0,0,0.555555556,829.6428571,2.222222222,2319.0,0,0,0,0,0,0,0,1,0,828,8192,229,1,20,0.0,0.0,0,0,0.0,0.0,0,0,-1,-1,5231052,DDoS,-1,DDoS
3232238088,61281,1760833063,443,6,2026-09-12 14:10:42,15022522,1,5,0,0,0,0,0.0,0.0,0,0,0.0,0.0,0.0,0.399400314,3004504.4,3156871.274,8000014,23446,0,0.0,0.0,0,0,14999076,3749769.0,3095962.881,8000014,999174,0,0,0,0,0,0,32,160,0.066566719,0.332833595,0,0,0.0,0.0,0.0,0,6,0,0,5,0,0,0,5.0,0.0,0.0,0.0,0,0,0,0,0,0,0,0,0,0,8192,29200,0,32,7022508.0,0.0,7022508,7022508,8000014.0,0.0,8000014,8000014,-1,-1,15022522,BENIGN,-1,BENIGN
2886729729,39600,3232238130,80,6,2026-09-12 14:13:30,11994395,8,6,405,11632,405,0,50.625,143.1891232,5792,0,1938.666667,2544.918912,1003.552076,1.167211852,922645.7692,2278230.01,6954224,1,11994360,1713480.0,2977463.667,6955967,1,11957483,2391496.6,3345931.543,6954320,8,1,1,0,0,0,0,264,200,0.666978201,0.500233651,0,5792,859.7857143,1855.312878,3442185.874,1,2,0,2,13,0,0,0,0.75,859.7857143,50.625,1938.666667,0,0,0,0,0,0,0,28,0,830,0,235,1,0,1727.0,0.0,1727,1727,6954224.0,0.0,6954224,6954224,-1,-1,876456958,DoS GoldenEye,-1,DoS
3232238094,57601,3328832523,443,6,2026-09-12 14:21:24,31823,1,1,0,0,0,0,0.0,0.0,0,0,0.0,0.0,0.0,62.84762593,31823.0,0.0,31823,31823,0,0.0,0.0,0,0,0,0.0,0.0,0,0,0,0,0,0,0,1,32,20,31.42381297,31.42381297,0,0,0.0,0.0,0.0,0,1,1,0,1,0,0,0,1.0,0.0,0.0,0.0,0,0,0,0,0,0,0,0,0,0,8192,0,0,32,0.0,0.0,0,0,0.0,0.0,0,0,-1,-1,31823,BENIGN,-1,BENIGN
2886729729,40270,3232238130,80,6,2026-09-12 14:21:42,5152953,8,5,20,11595,20,0,2.5,7.071067812,5840,0,2319.0,2438.2586,2254.047339,2.522825262,429412.75,1041614.487,3261962,1,5152953,736136.1429,1315855.368,3261962,1,1880098,470024.5,935084.1209,1872642,151,1,1,0,0,1,0,172,112,1.552507853,0.970317408,0,5840,893.4615385,1832.395273,3357672.436,1,2,1,2,12,0,0,0,0.625,893.4615385,2.5,2319.0,0,0,0,0,0,0,0,1,0,891,8192,229,1,20,0.0,0.0,0,0,0.0,0.0,0,0,-1,-1,5152953,DDoS,-1,DDoS
2886729729,65027,3232238130,80,6,2026-09-12 14:31:42,13300650,9,6,20,12970,20,0,2.222222222,6.666666667,5840,0,2161.666667,2214.634658,976.6439986,1.127764433,950046.4286,3214437.715,12065693,1,13300650,1662581.25,4223977.406,12065693,1,1190063,238012.6,523192.7368,1173887,184,1,2,0,0,1,0,204,132,0.67665866,0.451105773,0,5840,866.0,1717.783248,2950779.286,2,2,1,3,14,0,0,0,0.666666667,866.0,2.222222222,2161.666667,0,0,0,12970,4,996236,0,1,0,864,8192,229,1,20,1234957.0,0.0,1234957,1234957,12065693.0,0.0,12065693,12065693,-1,-1,13300650,DDoS,-1,DDoS
3232238095,50953,3232238083,53,17,2026-09-12 14:34:00,62073,4,2,140,358,35,35,35.0,0.0,179,179,179.0,0.0,8022.811851,96.66038374,12414.6,25701.25801,58304,1,58354,19451.33333,33647.4049,58304,1,49,49.0,0.0,49,49,0,0,0,0,0,0,32,16,64.44025583,32.22012791,35,179,83.0,74.36128025,5529.6,0,0,0,0,0,0,0,0,0.5,83.0,35.0,179.0,140,4,2399,0,0,0,0,23,0,59,0,0,3,8,0.0,0.0,0,0,0.0,0.0,0,0,-1,-1,0,BENIGN,-1,BENIGN
3232238088,63036,3232238131,1862,6,2026-09-12 14:37:30,53,2,2,0,0,0,0,0.0,0.0,0,0,0.0,0.0,0.0,75471.69811,17.66666667,26.31222783,48,1,1,1.0,0.0,1,1,48,48.0,0.0,48,48,0,0,0,0,0,2,48,40,37735.84906,37735.84906,0,0,0.0,0.0,0.0,0,2,2,0,2,0,0,0,1.0,0.0,0.0,0.0,0,0,0,0,0,0,0,0,0,0,1024,0,0,24,0.0,0.0,0,0,0.0,0.0,0,0,-1,-1,53,Infiltration - Portscan,-1,Infiltration
3232238088,63036,3232238131,8008,6,2026-09-12 14:37:30,21,1,1,0,0,0,0,0.0,0.0,0,0,0.0,0.0,0.0,95238.09524,21.0,0.0,21,21,0,0.0,0.0,0,0,0,0.0,0.0,0,0,0,0,0,0,0,1,24,20,47619.04762,47619.04762,0,0,0.0,0.0,0.0,0,1,1,0,1,0,0,0,1.0,0.0,0.0,0.0,0,0,0,0,0,0,0,0,0,0,1024,0,0,24,0.0,0.0,0,0,0.0,0.0,0,0,-1,-1,21,Infiltration - Portscan,-1,Infiltration
3232238088,63036,3232238131,1782,6,2026-09-12 14:37:30,107,2,2,0,0,0,0,0.0,0.0,0,0,0.0,0.0,0.0,37383.17757,35.66666667,21.36195996,48,11,48,48.0,0.0,48,48,48,48.0,0.0,48,48,0,0,0,0,0,2,48,40,18691.58879,18691.58879,0,0,0.0,0.0,0.0,0,2,2,0,2,0,0,0,1.0,0.0,0.0,0.0,0,0,0,0,0,0,0,0,0,0,1024,0,0,24,0.0,0.0,0,0,0.0,0.0,0,0,-1,-1,107,Infiltration - Portscan,-1,Infiltration
3232238088,63036,3232238131,44443,6,2026-09-12 14:37:36,69,2,2,0,0,0,0,0.0,0.0,0,0,0.0,0.0,0.0,57971.01449,23.0,36.3868108,65,1,3,3.0,0.0,3,3,1,1.0,0.0,1,1,0,0,0,0,0,2,48,40,28985.50725,28985.50725,0,0,0.0,0.0,0.0,0,2,2,0,2,0,0,0,1.0,0.0,0.0,0.0,0,0,0,0,0,0,0,0,0,0,1024,0,0,24,0.0,0.0,0,0,0.0,0.0,0,0,-1,-1,69,Infiltration - Portscan,-1,Infiltration
2886729729,65338,3232238130,80,6,2026-09-12 14:43:00,2001005,8,4,20,11595,20,0,2.5,7.071067812,8760,0,2898.75,4129.722297,5804.583197,5.996986514,181909.5455,398782.967,1070367,4,2001005,285857.8571,485430.2347,1085106,4,1081967,360655.6667,614648.8969,1070367,737,1,1,0,0,1,0,172,92,3.99799101,1.998995505,0,8760,967.9166667,2585.4993,6684806.629,1,2,1,2,11,0,0,0,0.5,967.9166667,2.5,2898.75,0,0,0,0,0,0,0,1,0,966,8192,229,1,20,0.0,0.0,0,0,0.0,0.0,0,0,-1,-1,2001005,DDoS,-1,DDoS
3232238088,64823,3232238085,32770,6,2026-09-12 14:43:12,48,2,0,0,0,0,0,0.0,0.0,0,0,0.0,0.0,0.0,41666.66667,48.0,0.0,48,48,48,48.0,0.0,48,48,0,0.0,0.0,0,0,0,0,0,0,0,0,48,0,41666.66667,0.0,0,0,0.0,0.0,0.0,0,2,0,0,0,0,0,0,0.0,0.0,0.0,0.0,0,0,0,0,0,0,1,0,0,0,1024,0,0,24,0.0,0.0,0,0,0.0,0.0,0,0,-1,-1,48,Infiltration - Portscan,-1,Infiltration
3232238088,64824,3232238085,9575,6,2026-09-12 14:44:12,48,2,0,0,0,0,0,0.0,0.0,0,0,0.0,0.0,0.0,41666.66667,48.0,0.0,48,48,48,48.0,0.0,48,48,0,0.0,0.0,0,0,0,0,0,0,0,0,48,0,41666.66667,0.0,0,0,0.0,0.0,0.0,0,2,0,0,0,0,0,0,0.0,0.0,0.0,0.0,0,0,0,0,0,0,1,0,0,0,1024,0,0,24,0.0,0.0,0,0,0.0,0.0,0,0,-1,-1,48,Infiltration - Portscan,-1,Infiltration
3232238088,64824,3232238085,1755,6,2026-09-12 14:44:24,48,2,0,0,0,0,0,0.0,0.0,0,0,0.0,0.0,0.0,41666.66667,48.0,0.0,48,48,48,48.0,0.0,48,48,0,0.0,0.0,0,0,0,0,0,0,0,0,48,0,41666.66667,0.0,0,0,0.0,0.0,0.0,0,2,0,0,0,0,0,0,0.0,0.0,0.0,0.0,0,0,0,0,0,0,1,0,0,0,1024,0,0,24,0.0,0.0,0,0,0.0,0.0,0,0,-1,-1,48,Infiltration - Portscan,-1,Infiltration
3232238088,64823,3232238085,15002,6,2026-09-12 14:44:42,1,2,0,0,0,0,0,0.0,0.0,0,0,0.0,0.0,0.0,2000000.0,1.0,0.0,1,1,1,1.0,0.0,1,1,0,0.0,0.0,0,0,0,0,0,0,0,0,48,0,2000000.0,0.0,0,0,0.0,0.0,0.0,0,2,0,0,0,0,0,0,0.0,0.0,0.0,0.0,0,0,0,0,0,0,1,0,0,0,1024,0,0,24,0.0,0.0,0,0,0.0,0.0,0,0,-1,-1,1,Infiltration - Portscan,-1,Infiltration
3232238088,64824,3232238085,500,6,2026-09-12 14:44:48,47,2,0,0,0,0,0,0.0,0.0,0,0,0.0,0.0,0.0,42553.19149,47.0,0.0,47,47,47,47.0,0.0,47,47,0,0.0,0.0,0,0,0,0,0,0,0,0,48,0,42553.19149,0.0,0,0,0.0,0.0,0.0,0,2,0,0,0,0,0,0,0.0,0.0,0.0,0.0,0,0,0,0,0,0,1,0,0,0,1024,0,0,24,0.0,0.0,0,0,0.0,0.0,0,0,-1,-1,47,Infiltration - Portscan,-1,Infiltration
3232238088,64824,3232238085,1334,6,2026-09-12 14:45:00,1,2,0,0,0,0,0,0.0,0.0,0,0,0.0,0.0,0.0,2000000.0,1.0,0.0,1,1,1,1.0,0.0,1,1,0,0.0,0.0,0,0,0,0,0,0,0,0,48,0,2000000.0,0.0,0,0,0.0,0.0,0.0,0,2,0,0,0,0,0,0,0.0,0.0,0.0,0.0,0,0,0,0,0,0,1,0,0,0,1024,0,0,24,0.0,0.0,0,0,0.0,0.0,0,0,-1,-1,1,Infiltration - Portscan,-1,Infiltration
3232238088,64824,3232238085,5500,6,2026-09-12 14:45:42,2,2,0,0,0,0,0,0.0,0.0,0,0,0.0,0.0,0.0,1000000.0,2.0,0.0,2,2,2,2.0,0.0,2,2,0,0.0,0.0,0,0,0,0,0,0,0,0,48,0,1000000.0,0.0,0,0,0.0,0.0,0.0,0,2,0,0,0,0,0,0,0.0,0.0,0.0,0.0,0,0,0,0,0,0,1,0,0,0,1024,0,0,24,0.0,0.0,0,0,0.0,0.0,0,0,-1,-1,2,Infiltration - Portscan,-1,Infiltration
3232238085,62038,3232238083,53,17,2026-09-12 14:45:48,30952,2,2,84,162,42,42,42.0,0.0,81,81,81.0,0.0,7947.790127,129.2323598,10317.33333,17824.26039,30899,4,4,4.0,0.0,4,4,49,49.0,0.0,49,49,0,0,0,0,0,0,16,16,64.61617989,64.61617989,42,81,61.5,22.5166605,507.0,0,0,0,0,0,0,0,0,1.0,61.5,42.0,81.0,0,0,0,0,0,0,0,21,0,40,0,0,1,8,0.0,0.0,0,0,0.0,0.0,0,0,-1,-1,0,BENIGN,-1,BENIGN
2886729729,35590,3232238130,80,6,2026-09-12 14:51:36,6029258,8,6,18,11595,18,0,2.25,6.363961031,4344,0,1932.5,1754.831473,1926.107657,2.322010436,463789.0769,1665478.024,6006806,15,6029258,861322.5714,2268956.21,6006806,224,6008143,1201628.6,2686570.497,6007512,15,1,1,0,0,1,0,264,200,1.326863107,0.99514733,0,4344,829.5,1472.095458,2167065.038,1,2,1,2,13,0,0,0,0.75,829.5,2.25,1932.5,0,0,0,11595,4,45116731,0,1,0,828,29200,227,1,32,689.0,0.0,689,689,6006806.0,0.0,6006806,6006806,-1,-1,6029258,Portscan,-1,PortScan
2886729729,49241,3232238130,80,6,2026-09-12 14:53:06,4027615,9,6,20,11595,20,0,2.222222222,6.666666667,5840,0,1932.5,2540.743494,2883.840685,3.724288444,287686.7857,826891.7045,3003882,1,4027615,503451.875,1070794.822,3003882,1,1014280,202856.0,452309.995,1011972,11,1,1,0,0,1,0,192,132,2.234573066,1.489715377,0,5840,774.3333333,1806.550449,3263624.524,1,2,1,2,14,0,0,0,0.666666667,774.3333333,2.222222222,1932.5,0,0,0,0,0,0,0,1,0,773,8192,229,1,20,0.0,0.0,0,0,0.0,0.0,0,0,-1,-1,4027615,DDoS,-1,DDoS
3232238089,62977,3232238083,53,17,2026-09-12 14:55:00,31000,2,2,132,296,66,66,66.0,0.0,148,148,148.0,0.0,13806.45161,129.0322581,10333.33333,17853.70523,30949,3,48,48.0,0.0,48,48,3,3.0,0.0,3,3,0,0,0,0,0,0,16,16,64.51612903,64.51612903,66,148,107.0,47.34272207,2241.333333,0,0,0,0,0,0,0,0,1.0,107.0,66.0,148.0,0,0,0,0,0,0,0,33,0,74,0,0,1,8,0.0,0.0,0,0,0.0,0.0,0,0,-1,-1,0,BENIGN,-1,BENIGN
3232238099,62139,3232238083,53,17,2026-09-12 15:04:12,286,2,2,60,344,30,30,30.0,0.0,172,172,172.0,0.0,1412587.413,13986.01399,95.33333333,162.5248699,283,1,1,1.0,0.0,1,1,2,2.0,0.0,2,2,0,0,0,0,0,0,16,16,6993.006993,6993.006993,30,172,101.0,81.98373822,6721.333333,0,0,0,0,0,0,0,0,1.0,101.0,30.0,172.0,0,0,0,0,0,0,0,15,0,86,0,0,1,8,0.0,0.0,0,0,0.0,0.0,0,0,-1,-1,0,BENIGN,-1,BENIGN
2886729729,63214,3232238130,80,6,2026-09-12 15:07:00,10098723,7,4,20,11595,20,0,2.857142857,7.55928946,10135,0,2898.75,4873.014767,1150.145419,1.08924663,1009872.3,3168227.395,10026734,3,10098723,1683120.5,4087566.924,10026734,3,58596,19532.0,19097.19605,38380,195,1,1,0,0,1,0,152,92,0.693156947,0.396089684,0,10135,1055.909091,3042.792154,9258584.091,1,2,1,2,10,0,0,0,0.571428571,1055.909091,2.857142857,2898.75,0,0,0,0,0,0,0,1,0,1054,8192,229,1,20,71989.0,0.0,71989,71989,10026734.0,0.0,10026734,10026734,-1,-1,10098723,DDoS,-1,DDoS
2886729729,49825,3232238130,80,6,2026-09-12 15:14:30,5716853,8,6,20,11595,20,0,2.5,7.071067812,5840,0,1932.5,2190.830322,2031.712203,2.448899771,439757.9231,1414826.831,5118874,1,5716853,816693.2857,1909295.833,5118874,1,589971,117994.2,256098.4277,576005,47,1,1,0,0,1,0,172,132,1.399371297,1.049528473,0,5840,829.6428571,1681.80588,2828471.016,1,2,1,2,13,0,0,0,0.75,829.6428571,2.5,1932.5,0,0,0,11595,4,17203264,0,1,0,828,8192,229,1,20,597979.0,0.0,597979,597979,5118874.0,0.0,5118874,5118874,-1,-1,5716853,DDoS,-1,DDoS
2886729729,63638,3232238130,80,6,2026-09-12 15:22:18,6866782,7,6,20,11595,20,0,2.857142857,7.55928946,5755,0,1932.5,2530.955847,1691.476444,1.893172086,572231.8333,1729473.838,6008168,3,6866782,1144463.667,2407237.099,6008168,63,857106,171421.2,382837.785,856262,3,1,1,0,0,1,0,152,132,1.019400354,0.873771732,0,5755,893.4615385,1916.134765,3671572.436,1,2,1,2,12,0,0,0,0.857142857,893.4615385,2.857142857,1932.5,0,0,0,0,0,0,0,1,0,891,8192,229,1,20,858614.0,0.0,858614,858614,6008168.0,0.0,6008168,6008168,-1,-1,6866782,DDoS,-1,DDoS
3232238089,52672,3232238083,53,17,2026-09-12 15:23:48,120303,2,2,66,342,33,33,33.0,0.0,171,171,171.0,0.0,3391.436623,33.24937865,40101.0,69411.9396,120251,4,48,48.0,0.0,48,48,4,4.0,0.0,4,4,0,0,0,0,0,0,16,16,16.62468933,16.62468933,33,171,102.0,79.67433715,6348.0,0,0,0,0,0,0,0,0,1.0,102.0,33.0,171.0,0,0,0,0,0,0,0,16,0,85,0,0,1,8,0.0,0.0,0,0,0.0,0.0,0,0,-1,-1,0,BENIGN,-1,BENIGN
2886729729,42075,3232238130,80,6,2026-09-12 15:29:12,7058787,9,5,20,11595,20,0,2.222222222,6.666666667,11595,0,2319.0,5185.44164,1645.466849,1.983343597,542983.6154,1647063.254,5932290,3,7058787,882348.375,2076830.745,5932290,3,1109656,277414.0,543621.56,1092798,422,1,1,0,0,1,0,192,112,1.275006598,0.708336999,0,11595,829.6428571,3098.487512,9600624.863,2,2,1,2,13,0,0,0,0.555555556,829.6428571,2.222222222,2319.0,0,0,0,0,0,0,0,1,0,828,8192,229,1,20,1126497.0,0.0,1126497,1126497,5932290.0,0.0,5932290,5932290,-1,-1,7058787,DDoS,-1,DDoS
3232238095,56334,3232238083,53,17,2026-09-12 15:33:30,170,2,2,84,116,42,42,42.0,0.0,58,58,58.0,0.0,1176470.588,23529.41176,56.66666667,56.88878038,117,4,4,4.0,0.0,4,4,49,49.0,0.0,49,49,0,0,0,0,0,0,16,16,11764.70588,11764.70588,42,58,50.0,9.237604307,85.33333333,0,0,0,0,0,0,0,0,1.0,50.0,42.0,58.0,0,0,0,0,0,0,0,21,0,29,0,0,1,8,0.0,0.0,0,0,0.0,0.0,0,0,-1,-1,0,BENIGN,-1,BENIGN
2886729729,33738,3232238130,80,6,2026-09-12 15:38:54,63111871,7,0,0,0,0,0,0.0,0.0,0,0,0.0,0.0,0.0,0.110914157,10518645.17,11886597.02,32063718,996237,63111871,10518645.17,11886597.02,32063718,996237,0,0.0,0.0,0,0,0,0,0,0,0,0,280,0,0.110914157,0.0,0,0,0.0,0.0,0.0,0,7,0,0,0,0,0,0,0.0,0.0,0.0,0.0,0,0,0,0,0,0,1,0,0,0,29200,0,0,40,7008170.0,0.0,7008170,7008170,18701233.67,12247994.26,32063718,8007963,-1,-1,63111871,DoS Slowhttptest - Attempted,6,DoS
2886729729,34210,3232238130,80,6,2026-09-12 15:40:06,63101134,7,0,0,0,0,0,0.0,0.0,0,0,0.0,0.0,0.0,0.11093303,10516855.67,11885099.24,32063803,997352,63101134,10516855.67,11885099.24,32063803,997352,0,0.0,0.0,0,0,0,0,0,0,0,0,280,0,0.11093303,0.0,0,0,0.0,0.0,0.0,0,7,0,0,0,0,0,0,0.0,0.0,0.0,0.0,0,0,0,0,0,0,1,0,0,0,29200,0,0,40,7005315.0,0.0,7005315,7005315,18698606.33,12246372.26,32063803,8015724,-1,-1,63101134,DoS Slowhttptest - Attempted,6,DoS
2886729729,34514,3232238130,80,6,2026-09-12 15:40:54,63080882,7,0,0,0,0,0,0.0,0.0,0,0,0.0,0.0,0.0,0.110968645,10513480.33,11875041.0,32032148,997037,63080882,10513480.33,11875041.0,32032148,997037,0,0.0,0.0,0,0,0,0,0,0,0,0,280,0,0.110968645,0.0,0,0,0.0,0.0,0.0,0,7,0,0,0,0,0,0,0.0,0.0,0.0,0.0,0,0,0,0,0,0,1,0,0,0,29200,0,0,40,7008948.0,0.0,7008948,7008948,18690644.67,12230869.6,32032148,8007738,-1,-1,63080882,DoS Slowhttptest - Attempted,6,DoS
2886729729,34910,3232238130,80,6,2026-09-12 15:41:54,63085088,7,0,0,0,0,0,0.0,0.0,0,0,0.0,0.0,0.0,0.110961246,10514181.33,11874968.9,32031851,997474,63085088,10514181.33,11874968.9,32031851,997474,0,0.0,0.0,0,0,0,0,0,0,0,0,280,0,0.110961246,0.0,0,0,0.0,0.0,0.0,0,7,0,0,0,0,0,0,0.0,0.0,0.0,0.0,0,0,0,0,0,0,1,0,0,0,29200,0,0,40,7005417.0,0.0,7005417,7005417,18693223.67,12227222.32,32031851,8015702,-1,-1,63085088,DoS Slowhttptest - Attempted,6,DoS
2886729729,35250,3232238130,80,6,2026-09-12 15:42:48,63103447,7,0,0,0,0,0,0.0,0.0,0,0,0.0,0.0,0.0,0.110928964,10517241.17,11884771.68,32063625,996007,63103447,10517241.17,11884771.68,32063625,996007,0,0.0,0.0,0,0,0,0,0,0,0,0,280,0,0.110928964,0.0,0,0,0.0,0.0,0.0,0,7,0,0,0,0,0,0,0.0,0.0,0.0,0.0,0,0,0,0,0,0,1,0,0,0,29200,0,0,40,7007985.0,0.0,7007985,7007985,18698487.33,12246243.12,32063625,8015882,-1,-1,63103447,DoS Slowhttptest - Attempted,6,DoS
3232238085,60759,3232238083,53,17,2026-09-12 15:44:00,149,2,2,72,208,36,36,36.0,0.0,104,104,104.0,0.0,1879194.631,26845.63758,49.66666667,79.96457549,142,3,3,3.0,0.0,3,3,4,4.0,0.0,4,4,0,0,0,0,0,0,16,16,13422.81879,13422.81879,36,104,70.0,39.2598183,1541.333333,0,0,0,0,0,0,0,0,1.0,70.0,36.0,104.0,0,0,0,0,0,0,0,18,0,52,0,0,1,8,0.0,0.0,0,0,0.0,0.0,0,0,-1,-1,0,BENIGN,-1,BENIGN
2886729729,50771,3232238130,80,6,2026-09-12 15:48:18,8232798,8,5,20,11595,20,0,2.5,7.071067812,8760,0,2319.0,3669.844002,1410.820477,1.579050039,686066.5,1990094.788,6888845,2,8232798,1176114.0,2567177.859,6888845,2,1337993,334498.25,660742.1439,1325576,183,1,1,0,0,1,0,172,112,0.971723101,0.607326938,0,8760,893.4615385,2421.822131,5865222.436,1,2,1,2,12,0,0,0,0.625,893.4615385,2.5,2319.0,0,0,0,0,0,0,0,1,0,891,8192,229,1,20,1343953.0,0.0,1343953,1343953,6888845.0,0.0,6888845,6888845,-1,-1,8232798,DDoS,-1,DDoS
3232238095,51633,398568284,443,6,2026-09-12 15:52:18,5653296,9,7,350,3432,193,0,38.88888889,71.12918607,1699,0,490.2857143,752.2261881,668.9902669,2.830207369,376886.4,1379726.548,5363260,3,5653296,706662.0,1882057.465,5363260,4,5616222,936037.0,2237839.971,5503671,3,3,3,0,0,1,0,192,152,1.591991645,1.238215724,0,1699,236.375,531.528723,282522.7833,2,2,1,6,15,0,0,0,0.777777778,236.375,38.88888889,490.2857143,0,0,0,0,0,0,0,21,0,214,8192,946,3,20,252981.0,0.0,252981,252981,5363260.0,0.0,5363260,5363260,-1,-1,5653296,BENIGN,-1,BENIGN
2886729729,64587,3232238130,80,6,2026-09-12 15:57:48,8626702,8,7,20,11595,20,0,2.5,7.071067812,4380,0,1656.428571,1563.027816,1346.400977,1.738787314,616193.0,2141110.829,8035751,45,8626702,1232386.0,3007835.802,8035751,172,586220,97703.33333,237383.7371,582254,64,1,1,0,0,1,0,172,152,0.927353234,0.81143408,0,4380,774.3333333,1332.857921,1776510.238,1,2,1,2,14,0,0,0,0.875,774.3333333,2.5,1656.428571,0,0,0,11595,5,17865947,0,1,0,773,8192,229,1,20,590951.0,0.0,590951,590951,8035751.0,0.0,8035751,8035751,-1,-1,8626702,DDoS,-1,DDoS
2886729729,64758,3232238130,80,6,2026-09-12 16:04:24,2038405,9,7,20,11595,20,0,2.222222222,6.666666667,5755,0,1656.428571,2423.143128,5698.082569,7.84927431,135893.6667,457686.1289,1776192,1,2038405,254800.625,621050.2593,1776192,1,247092,41182.0,94387.18398,233572,3,1,1,0,0,1,0,192,152,4.415216799,3.434057511,0,5755,725.9375,1751.278789,3066977.396,2,2,1,2,15,0,0,0,0.777777778,725.9375,2.222222222,1656.428571,0,0,0,0,0,0,0,1,0,724,8192,229,1,20,0.0,0.0,0,0,0.0,0.0,0,0,-1,-1,2038405,DDoS,-1,DDoS
3232238105,54070,877957583,443,6,2026-09-12 16:06:48,171333,25,41,887,52779,405,0,35.48,96.22418268,2896,0,1287.292683,644.8317317,313226.2903,385.2147572,2635.892308,6512.280349,23710,0,171333,7138.875,9758.998912,24540,1,148966,3724.15,9411.628998,41553,48,6,4,0,0,0,0,812,1320,145.9146808,239.3000765,0,2896,813.1212121,796.058222,633708.6928,3,2,0,10,65,0,0,0,1.64,813.1212121,35.48,1287.292683,0,0,0,48100,32,1874366,0,13,0,799,65535,122,6,32,0.0,0.0,0,0,0.0,0.0,0,0,-1,-1,171333,BENIGN,-1,BENIGN
2886729729,65096,3232238130,80,6,2026-09-12 16:10:36,1631172,8,5,20,11595,20,0,2.5,7.071067812,7300,0,2319.0,3348.440682,7120.646995,7.96972974,135931.0,466749.9616,1618039,3,1631172,233024.5714,610744.7802,1618039,3,1955,488.75,480.7482883,970,3,1,1,0,0,1,0,172,112,4.904449071,3.065280669,0,7300,893.4615385,2261.265671,5113322.436,1,2,1,2,12,0,0,0,0.625,893.4615385,2.5,2319.0,0,0,0,0,0,0,0,1,0,891,8192,229,1,20,0.0,0.0,0,0,0.0,0.0,0,0,-1,-1,1631172,DDoS,-1,DDoS
3232238085,51274,3232238083,53,17,2026-09-12 16:22:36,223,2,2,84,162,42,42,42.0,0.0,81,81,81.0,0.0,1103139.013,17937.21973,74.33333333,87.52333022,172,3,48,48.0,0.0,48,48,3,3.0,0.0,3,3,0,0,0,0,0,0,16,16,8968.609865,8968.609865,42,81,61.5,22.5166605,507.0,0,0,0,0,0,0,0,0,1.0,61.5,42.0,81.0,0,0,0,0,0,0,0,21,0,40,0,0,1,8,0.0,0.0,0,0,0.0,0.0,0,0,-1,-1,0,BENIGN,-1,BENIGN
3232238096,34126,3232238083,53,17,2026-09-12 16:41:48,62628,2,2,66,182,33,33,33.0,0.0,91,91,91.0,0.0,3959.890145,63.86919589,20876.0,36148.76666,62617,1,1,1.0,0.0,1,1,10,10.0,0.0,10,10,0,0,0,0,0,0,16,16,31.93459794,31.93459794,33,91,62.0,33.48631561,1121.333333,0,0,0,0,0,0,0,0,1.0,62.0,33.0,91.0,0,0,0,0,0,0,0,16,0,45,0,0,1,8,0.0,0.0,0,0,0.0,0.0,0,0,-1,-1,0,BENIGN,-1,BENIGN
3232238088,39692,3232238089,23,6,2026-09-12 16:43:00,51,2,2,0,0,0,0,0.0,0.0,0,0,0.0,0.0,0.0,78431.37255,17.0,24.24871131,45,3,3,3.0,0.0,3,3,3,3.0,0.0,3,3,0,0,0,0,0,2,48,40,39215.68627,39215.68627,0,0,0.0,0.0,0.0,0,2,2,0,2,0,0,0,1.0,0.0,0.0,0.0,0,0,0,0,0,0,0,0,0,0,1024,0,0,24,0.0,0.0,0,0,0.0,0.0,0,0,-1,-1,51,Infiltration - Portscan,-1,Infiltration
3232238088,39692,3232238089,1839,6,2026-09-12 16:44:06,34,1,1,0,0,0,0,0.0,0.0,0,0,0.0,0.0,0.0,58823.52941,34.0,0.0,34,34,0,0.0,0.0,0,0,0,0.0,0.0,0,0,0,0,0,0,0,1,24,20,29411.76471,29411.76471,0,0,0.0,0.0,0.0,0,1,1,0,1,0,0,0,1.0,0.0,0.0,0.0,0,0,0,0,0,0,0,0,0,0,1024,0,0,24,0.0,0.0,0,0,0.0,0.0,0,0,-1,-1,34,Infiltration - Portscan,-1,Infiltration
3232238088,39692,3232238089,1063,6,2026-09-12 16:44:18,26,1,1,0,0,0,0,0.0,0.0,0,0,0.0,0.0,0.0,76923.07692,26.0,0.0,26,26,0,0.0,0.0,0,0,0,0.0,0.0,0,0,0,0,0,0,0,1,24,20,38461.53846,38461.53846,0,0,0.0,0.0,0.0,0,1,1,0,1,0,0,0,1.0,0.0,0.0,0.0,0,0,0,0,0,0,0,0,0,0,1024,0,0,24,0.0,0.0,0,0,0.0,0.0,0,0,-1,-1,26,Infiltration - Portscan,-1,Infiltration
3232238088,39692,3232238089,1141,6,2026-09-12 16:44:24,51,2,2,0,0,0,0,0.0,0.0,0,0,0.0,0.0,0.0,78431.37255,17.0,27.71281292,49,1,49,49.0,0.0,49,49,1,1.0,0.0,1,1,0,0,0,0,0,2,48,40,39215.68627,39215.68627,0,0,0.0,0.0,0.0,0,2,2,0,2,0,0,0,1.0,0.0,0.0,0.0,0,0,0,0,0,0,0,0,0,0,1024,0,0,24,0.0,0.0,0,0,0.0,0.0,0,0,-1,-1,51,Infiltration - Portscan,-1,Infiltration
3232238092,44190,1746003562,443,6,2026-09-12 16:55:18,63988536,167,229,30948,106579,2920,0,185.3173653,278.3288142,1460,0,465.4104803,594.6561494,2149.244358,6.188608535,161996.2937,2946075.277,58530141,0,63988536,385473.1084,4543006.765,58530141,1,63973177,280584.1096,3878144.447,58545610,0,102,134,0,0,0,0,3360,4592,2.609842488,3.578766046,0,2920,347.290404,505.8151001,255848.9155,0,2,0,236,395,0,0,0,1.371257485,347.290404,185.3173653,465.4104803,2619,10,502284,12101,16,254731,0,78,0,269,29200,268,104,20,5443045.0,0.0,5443045,5443045,58530141.0,0.0,58530141,58530141,-1,-1,63988536,BENIGN,-1,BENIGN
3232238095,64297,3232238083,53,17,2026-09-12 17:10:36,173,2,2,76,108,38,38,38.0,0.0,54,54,54.0,0.0,1063583.815,23121.38728,57.66666667,59.09596715,121,4,4,4.0,0.0,4,4,48,48.0,0.0,48,48,0,0,0,0,0,0,16,16,11560.69364,11560.69364,38,54,46.0,9.237604307,85.33333333,0,0,0,0,0,0,0,0,1.0,46.0,38.0,54.0,0,0,0,0,0,0,0,19,0,27,0,0,1,8,0.0,0.0,0,0,0.0,0.0,0,0,-1,-1,0,BENIGN,-1,BENIGN
3232238085,58597,2731546146,443,6,2026-09-12 17:19:54,186668,8,8,358,3776,201,0,44.75,76.73470066,1460,0,472.0,643.0649823,22146.27038,85.71367347,12444.53333,15516.46591,41589,4,175687,25098.14286,15573.56211,42220,585,145079,20725.57143,30766.12449,69529,4,3,2,0,0,1,0,172,172,42.85683674,42.85683674,0,1460,258.375,494.3760883,244407.7167,2,2,1,5,15,0,0,0,1.0,258.375,44.75,472.0,0,0,0,0,0,0,0,22,0,236,8192,60,3,20,0.0,0.0,0,0,0.0,0.0,0,0,-1,-1,186668,BENIGN,-1,BENIGN
2886729729,39736,3232238130,80,6,2026-09-12 17:25:00,10776913,5,4,262,3525,262,0,52.4,117.169962,3525,0,881.25,1762.5,351.3993293,0.835118554,1347114.125,2488507.391,5733469,19,10776913,2694228.25,3122952.669,5735992,615,10737013,3579004.333,3119458.848,5733469,1825,1,1,0,0,0,0,168,136,0.463954752,0.371163802,0,3525,420.7777778,1167.303707,1362597.944,1,2,0,2,8,0,0,0,0.8,420.7777778,52.4,881.25,0,0,0,0,0,0,0,29,0,391,29200,235,1,32,1857.0,0.0,1857,1857,5733469.0,0.0,5733469,5733469,-1,-1,201193521,DoS GoldenEye,-1,DoS
3232238094,62789,3232238083,53,17,2026-09-12 17:31:54,199,2,2,84,140,42,42,42.0,0.0,70,70,70.0,0.0,1125628.141,20100.50251,66.33333333,74.21814693,148,3,48,48.0,0.0,48,48,3,3.0,0.0,3,3,0,0,0,0,0,0,16,16,10050.25126,10050.25126,42,70,56.0,16.16580754,261.3333333,0,0,0,0,0,0,0,0,1.0,56.0,42.0,70.0,0,0,0,0,0,0,0,21,0,35,0,0,1,8,0.0,0.0,0,0,0.0,0.0,0,0,-1,-1,0,BENIGN,-1,BENIGN
2886729729,40188,3232238130,80,6,2026-09-12 17:34:06,41773229,10,6,368,11632,368,0,36.8,116.3718179,4392,0,1938.666667,2190.718847,287.2653201,0.383020427,2784881.933,8031604.608,31011391,13,41773229,4641469.889,10160809.18,31011391,198,10723566,2144713.2,2947135.622,5717671,16,1,1,0,0,1,0,328,200,0.239387767,0.14363266,0,4392,750.0,1584.97613,2512149.333,1,2,1,2,15,0,0,0,0.6,750.0,36.8,1938.666667,0,0,0,0,0,0,0,23,0,727,29200,235,1,32,13811.66667,21183.84631,38259,880,13910598.0,14814034.74,31011391,5002732,-1,-1,41773229,DoS GoldenEye,-1,DoS
2886729729,40416,3232238130,80,6,2026-09-12 17:40:12,35731229,10,5,605,11632,605,0,60.5,191.3177984,10184,0,2326.4,4437.056321,342.4735264,0.419800841,2552230.643,6761347.296,25081046,49,35731229,3970136.556,8246607.457,25081046,187,10610702,2652675.5,3072223.403,5605842,196,1,1,0,0,1,0,328,168,0.279867228,0.139933614,0,10184,815.8,2621.25434,6870974.314,1,2,1,2,14,0,0,0,0.5,815.8,60.5,2326.4,0,0,0,0,0,0,0,40,0,775,29200,236,1,32,14311.33333,21767.4469,39432,1019,11896098.33,11422498.38,25081046,5001407,-1,-1,35731229,DoS GoldenEye,-1,DoS
3232238094,59256,585223760,443,6,2026-09-12 17:41:30,61616164,16,14,899,3652,571,0,56.1875,148.2849593,1490,0,260.8571429,539.7301116,73.86048895,0.486885227,2124695.31,4089407.226,10000218,42,61616164,4107744.267,5008559.443,10050584,36210,61565704,4735823.385,5124271.036,10050773,225,3,4,0,0,0,0,332,284,0.259672121,0.227213106,0,1490,151.7,390.8264585,152745.3207,2,2,0,7,29,0,0,0,0.875,151.7,56.1875,260.8571429,0,0,0,0,0,0,0,29,0,121,8192,31405,9,20,152699.3333,250321.0737,663665,50338,9988632.167,27980.92537,10000218,9931517,-1,-1,61616164,BENIGN,-1,BENIGN
3232238095,52687,1078431342,443,6,2026-09-12 17:51:36,401967,10,7,528,3379,191,0,52.8,80.16621621,1599,0,482.7142857,721.336425,9719.703359,42.29202895,25122.9375,34114.45955,88834,4,401967,44663.0,37345.49767,88834,4,329780,54963.33333,63466.19731,160494,238,4,3,0,0,0,0,212,152,24.87766409,17.41436486,0,1599,229.8235294,496.2891339,246302.9044,2,2,0,7,16,0,0,0,0.7,229.8235294,52.8,482.7142857,0,0,0,0,0,0,0,31,0,198,8192,33,4,20,0.0,0.0,0,0,0.0,0.0,0,0,-1,-1,401967,BENIGN,-1,BENIGN
2886729729,40944,3232238130,80,6,2026-09-12 17:53:18,22578652,10,6,355,11632,355,0,35.5,112.2608569,4392,0,1938.666667,2190.718847,530.8997189,0.708633979,1505243.467,3452854.525,12095966,2,22578652,2508739.111,4252368.871,12095966,2,10442646,2088529.2,2863418.858,5436700,30,1,1,0,0,1,0,328,200,0.442896237,0.265737742,0,4392,749.1875,1585.188326,2512822.029,1,2,1,2,15,0,0,0,0.6,749.1875,35.5,1938.666667,0,0,0,0,0,0,0,22,0,727,29200,235,1,32,14478.0,22122.78778,40003,836,7511739.333,3975986.886,12095966,5002552,-1,-1,22578652,DoS GoldenEye,-1,DoS
2886729729,41522,3232238130,80,6,2026-09-12 18:06:24,9464732,8,4,861,3525,287,0,107.625,148.5366116,2077,0,881.25,1049.480308,463.4045634,1.267864742,860430.1818,1912437.696,5875318,51,9464732,1352104.571,2307428.624,5877424,199,6282081,2094027.0,3280994.092,5875318,155,3,1,0,0,1,0,264,136,0.845243162,0.422621581,0,2077,365.5,677.8748208,459514.2727,0,2,1,4,11,0,0,0,0.5,365.5,107.625,881.25,0,0,0,0,0,0,0,71,0,293,29200,235,3,32,406659.0,0.0,406659,406659,5875318.0,0.0,5875318,5875318,-1,-1,9464732,DoS GoldenEye,-1,DoS
3232238105,59693,3232238083,53,17,2026-09-12 18:08:12,102803,2,2,70,310,35,35,35.0,0.0,155,155,155.0,0.0,3696.390183,38.90937035,34267.66667,59185.40544,102609,3,191,191.0,0.0,191,191,3,3.0,0.0,3,3,0,0,0,0,0,0,16,16,19.45468517,19.45468517,35,155,95.0,69.2820323,4800.0,0,0,0,0,0,0,0,0,1.0,95.0,35.0,155.0,0,0,0,0,0,0,0,17,0,77,0,0,1,8,0.0,0.0,0,0,0.0,0.0,0,0,-1,-1,0,BENIGN,-1,BENIGN
2886729729,41968,3232238130,80,6,2026-09-12 18:16:00,112467126,9,6,1108,11632,577,0,123.1111111,244.5615692,8688,0,1938.666667,3509.926191,113.2775457,0.133372306,8033366.143,28636965.25,107421867,1,112467084,14058385.5,37765763.69,107421867,1,112467086,22493417.2,47548277.27,107462021,190,2,1,0,0,0,1,296,188,0.080023384,0.053348923,0,8688,849.3333333,2298.180388,5281633.095,1,2,1,3,13,0,0,0,0.666666667,849.3333333,123.1111111,1938.666667,0,0,0,0,0,0,0,73,0,775,29200,0,2,32,21828.5,25856.77367,40112,3545,56211713.5,72422093.61,107421867,5001560,-1,-1,112467126,DoS GoldenEye,-1,DoS
3232238088,64399,3232238092,2222,6,2026-09-12 18:22:18,98,2,2,0,0,0,0,0.0,0.0,0,0,0.0,0.0,0.0,40816.32653,32.66666667,27.42869544,49,1,1,1.0,0.0,1,1,48,48.0,0.0,48,48,0,0,0,0,0,2,48,40,20408.16327,20408.16327,0,0,0.0,0.0,0.0,0,2,2,0,2,0,0,0,1.0,0.0,0.0,0.0,0,0,0,0,0,0,0,0,0,0,1024,0,0,24,0.0,0.0,0,0,0.0,0.0,0,0,-1,-1,98,Infiltration - Portscan,-1,Infiltration
3232238088,64399,3232238092,18101,6,2026-09-12 18:22:18,16,1,1,0,0,0,0,0.0,0.0,0,0,0.0,0.0,0.0,125000.0,16.0,0.0,16,16,0,0.0,0.0,0,0,0,0.0,0.0,0,0,0,0,0,0,0,1,24,20,62500.0,62500.0,0,0,0.0,0.0,0.0,0,1,1,0,1,0,0,0,1.0,0.0,0.0,0.0,0,0,0,0,0,0,0,0,0,0,1024,0,0,24,0.0,0.0,0,0,0.0,0.0,0,0,-1,-1,16,Infiltration - Portscan,-1,Infiltration
3232238088,64399,3232238092,3659,6,2026-09-12 18:22:18,16,1,1,0,0,0,0,0.0,0.0,0,0,0.0,0.0,0.0,125000.0,16.0,0.0,16,16,0,0.0,0.0,0,0,0,0.0,0.0,0,0,0,0,0,0,0,1,24,20,62500.0,62500.0,0,0,0.0,0.0,0.0,0,1,1,0,1,0,0,0,1.0,0.0,0.0,0.0,0,0,0,0,0,0,0,0,0,0,1024,0,0,24,0.0,0.0,0,0,0.0,0.0,0,0,-1,-1,16,Infiltration - Portscan,-1,Infiltration
3232238088,64399,3232238092,49155,6,2026-09-12 18:22:18,14,1,1,0,0,0,0,0.0,0.0,0,0,0.0,0.0,0.0,142857.1429,14.0,0.0,14,14,0,0.0,0.0,0,0,0,0.0,0.0,0,0,0,0,0,0,0,1,24,20,71428.57143,71428.57143,0,0,0.0,0.0,0.0,0,1,1,0,1,0,0,0,1.0,0.0,0.0,0.0,0,0,0,0,0,0,0,0,0,0,1024,0,0,24,0.0,0.0,0,0,0.0,0.0,0,0,-1,-1,14,Infiltration - Portscan,-1,Infiltration
3232238083,60415,3232238081,53,17,2026-09-12 18:22:42,30505,1,1,85,167,85,85,85.0,0.0,167,167,167.0,0.0,8260.940829,65.56302246,30505.0,0.0,30505,30505,0,0.0,0.0,0,0,0,0.0,0.0,0,0,0,0,0,0,0,0,8,8,32.78151123,32.78151123,85,167,126.0,57.98275606,3362.0,0,0,0,0,0,0,0,0,1.0,126.0,85.0,167.0,0,0,0,0,0,0,0,42,0,83,0,0,0,8,0.0,0.0,0,0,0.0,0.0,0,0,-1,-1,0,BENIGN,-1,BENIGN
2886729729,42340,3232238130,80,6,2026-09-12 18:23:06,5044270,8,5,342,11632,342,0,42.75,120.9152596,5840,0,2326.4,3185.599598,2373.782529,2.577181634,420355.8333,1442605.784,5001107,53,5044270,720610.0,1904819.424,5040334,53,5004905,1251226.25,2501623.181,5003661,58,1,1,0,0,0,0,264,168,1.585957929,0.991223705,0,5840,921.0769231,2174.48946,4728404.41,1,2,0,2,12,0,0,0,0.625,921.0769231,42.75,2326.4,0,0,0,0,0,0,0,26,0,894,29200,235,1,32,3936.0,0.0,3936,3936,5001107.0,0.0,5001107,5001107,-1,-1,5044270,DoS GoldenEye,-1,DoS
2886729729,42920,3232238130,80,6,2026-09-12 18:30:18,11764269,6,5,315,3525,315,0,52.5,128.5982115,2077,0,705.0,990.6447396,326.4121213,0.935034723,1176426.9,2502215.402,6722776,4,11764269,2352853.8,3276035.379,6724244,4,11724253,2931063.25,3456187.735,6722776,193,1,1,0,0,0,0,200,168,0.51001894,0.425015783,0,2077,349.0909091,718.9818432,516934.8909,1,2,0,2,10,0,0,0,0.833333333,349.0909091,52.5,705.0,0,0,0,0,0,0,0,28,0,320,29200,235,1,32,847.0,0.0,847,847,6722776.0,0.0,6722776,6722776,-1,-1,11764269,DoS GoldenEye,-1,DoS
3232238096,40556,2173832801,443,6,2026-09-12 18:36:12,65418592,15,14,1118,799,550,0,74.53333333,186.9036676,616,0,57.07142857,165.9288375,29.30359614,0.443299055,2336378.286,4188760.392,10152838,3,65330668,4666476.286,5047754.841,10239995,723,65331331,5025487.0,5079889.122,10240446,3,3,3,0,0,0,0,488,456,0.229292615,0.21400644,0,616,66.10344828,174.1500471,30328.23892,2,2,0,6,28,0,0,0,0.933333333,66.10344828,74.53333333,57.07142857,0,0,0,0,0,0,0,38,0,27,29200,239,3,32,134579.8333,115628.3786,370605,87148,10095840.0,89016.81063,10152838,9959986,-1,-1,65418592,BENIGN,-1,BENIGN
2886729729,43050,3232238130,80,6,2026-09-12 18:37:24,11630778,9,5,373,11632,373,0,41.44444444,124.3333333,7288,0,2326.4,3351.290617,1032.175148,1.203702796,894675.2308,2198896.5,6587160,62,11630778,1453847.25,2723003.817,6587884,198,11593176,2898294.0,3407865.928,6587160,127,1,1,0,0,0,0,296,168,0.77380894,0.429893856,0,7288,857.5,2180.862947,4756163.192,1,2,0,2,13,0,0,0,0.555555556,857.5,41.44444444,2326.4,0,0,0,0,0,0,0,26,0,830,29200,235,1,32,1273.0,494.9747468,1623,923,5795351.0,1119787.027,6587160,5003542,-1,-1,11630778,DoS GoldenEye,-1,DoS
3232238088,53191,3232238083,53,17,2026-09-12 18:44:00,183,2,2,88,292,44,44,44.0,0.0,146,146,146.0,0.0,2076502.732,21857.9235,61.0,100.4589468,177,3,3,3.0,0.0,3,3,3,3.0,0.0,3,3,0,0,0,0,0,0,16,16,10928.96175,10928.96175,44,146,95.0,58.88972746,3468.0,0,0,0,0,0,0,0,0,1.0,95.0,44.0,146.0,0,0,0,0,0,0,0,22,0,73,0,0,1,8,0.0,0.0,0,0,0.0,0.0,0,0,-1,-1,0,BENIGN,-1,BENIGN
2886729729,43328,3232238130,80,6,2026-09-12 18:44:30,11530036,9,6,570,11632,570,0,63.33333333,190.0,4392,0,1938.666667,2190.718847,1058.279436,1.300949971,823574.0,2104208.026,6486372,1,11530036,1441254.5,2696515.795,6492230,1,11491551,2298310.2,3190103.587,6486372,16,1,1,0,0,0,0,296,200,0.780569983,0.520379988,0,4392,813.4666667,1624.495432,2638985.41,1,2,0,2,14,0,0,0,0.666666667,813.4666667,63.33333333,1938.666667,0,0,0,0,0,0,0,38,0,775,29200,236,1,32,641.0,0.0,641,641,6486372.0,0.0,6486372,6486372,-1,-1,11530036,DoS GoldenEye,-1,DoS
3232238085,53227,3232238083,53,17,2026-09-12 18:52:48,48532,4,2,196,228,49,49,49.0,0.0,114,114,114.0,0.0,8736.50375,123.62977,9706.4,15492.99956,35557,4,35565,11855.0,20526.53412,35557,4,48,48.0,0.0,48,48,0,0,0,0,0,0,32,16,82.4198467,41.20992335,49,114,70.66666667,33.56585567,1126.666667,0,0,0,0,0,0,0,0,0.5,70.66666667,49.0,114.0,196,4,5511,0,0,0,0,32,0,38,0,0,3,8,0.0,0.0,0,0,0.0,0.0,0,0,-1,-1,0,BENIGN,-1,BENIGN
2886729729,44088,3232238130,80,6,2026-09-12 18:58:42,11376110,6,5,331,3525,331,0,55.16666667,135.1301841,2077,0,705.0,990.6447396,338.9559348,0.966938611,1137611.0,2407411.257,6336369,39,11376110,2275222.0,3149222.545,6342397,175,11338540,2834635.0,3317722.209,6336369,171,1,1,0,0,0,0,200,168,0.52742106,0.43951755,0,2077,350.5454545,718.9221604,516849.0727,1,2,0,2,10,0,0,0,0.833333333,350.5454545,55.16666667,705.0,0,0,0,0,0,0,0,30,0,320,29200,235,1,32,750.0,0.0,750,750,6336369.0,0.0,6336369,6336369,-1,-1,11376110,DoS GoldenEye,-1,DoS
2886729729,44376,3232238130,80,6,2026-09-12 19:05:48,11285087,9,4,494,11632,494,0,54.88888889,164.6666667,11632,0,2908.0,5816.0,1074.51542,1.151962763,940423.9167,2201782.902,6242218,1,11285087,1410635.875,2631126.81,6246668,1,11246590,3748863.333,3304496.198,6242218,770,1,1,0,0,0,0,296,136,0.797512682,0.354450081,0,11632,932.7692308,3217.616876,10353058.36,1,2,0,2,12,0,0,0,0.444444444,932.7692308,54.88888889,2908.0,0,0,0,0,0,0,0,38,0,894,29200,235,1,32,816.0,0.0,816,816,6242218.0,0.0,6242218,6242218,-1,-1,11285087,DoS GoldenEye,-1,DoS
3232238083,61805,3232238081,53,17,2026-09-12 19:09:06,61266,1,1,45,176,45,45,45.0,0.0,176,176,176.0,0.0,3607.220971,32.64453367,61266.0,0.0,61266,61266,0,0.0,0.0,0,0,0,0.0,0.0,0,0,0,0,0,0,0,0,8,8,16.32226684,16.32226684,45,176,110.5,92.63098834,8580.5,0,0,0,0,0,0,0,0,1.0,110.5,45.0,176.0,0,0,0,0,0,0,0,22,0,88,0,0,0,8,0.0,0.0,0,0,0.0,0.0,0,0,-1,-1,0,BENIGN,-1,BENIGN
2886729729,44742,3232238130,80,6,2026-09-12 19:12:54,11212641,5,5,400,3525,400,0,80.0,178.8854382,2077,0,705.0,990.6447396,350.0513394,0.891850546,1245849.0,2477853.319,6170037,18,11212641,2803160.25,3269464.719,6173571,18,11175806,2793951.5,3260544.992,6170037,192,1,1,0,0,0,0,168,168,0.445925273,0.445925273,0,2077,392.5,747.5939554,558896.7222,1,2,0,2,9,0,0,0,1.0,392.5,80.0,705.0,0,0,0,0,0,0,0,40,0,352,29200,235,1,32,2073.5,1885.853785,3407,740,5585848.0,826168.0068,6170037,5001659,-1,-1,11212641,DoS GoldenEye,-1,DoS
2886729729,33580,3232238130,80,6,2026-09-12 19:17:54,21033854,3,3,10,1983,10,0,3.333333333,5.773502692,1983,0,661.0,1144.885584,94.75201264,0.285254428,4206770.8,9386820.119,20998404,5,21033854,10516927.0,14823121.88,20998457,35397,21033042,10516521.0,14872599.56,21033037,5,1,1,0,0,1,0,84,96,0.142627214,0.142627214,0,1983,332.1666667,808.7497553,654076.1667,2,0,1,2,5,0,0,0,1.0,332.1666667,3.333333333,661.0,0,0,0,0,0,0,0,1,0,330,229,235,0,20,53.0,0.0,53,53,20998404.0,0.0,20998404,20998404,-1,-1,240496783,DoS Slowhttptest,-1,DoS
3232238088,33264,3232238094,1054,6,2026-09-12 19:19:06,49,2,0,0,0,0,0,0.0,0.0,0,0,0.0,0.0,0.0,40816.32653,49.0,0.0,49,49,49,49.0,0.0,49,49,0,0.0,0.0,0,0,0,0,0,0,0,0,48,0,40816.32653,0.0,0,0,0.0,0.0,0.0,0,2,0,0,0,0,0,0,0.0,0.0,0.0,0.0,0,0,0,0,0,0,1,0,0,0,1024,0,0,24,0.0,0.0,0,0,0.0,0.0,0,0,-1,-1,49,Infiltration - Portscan,-1,Infiltration
3232238088,33264,3232238094,3000,6,2026-09-12 19:20:12,1,2,0,0,0,0,0,0.0,0.0,0,0,0.0,0.0,0.0,2000000.0,1.0,0.0,1,1,1,1.0,0.0,1,1,0,0.0,0.0,0,0,0,0,0,0,0,0,48,0,2000000.0,0.0,0,0,0.0,0.0,0.0,0,2,0,0,0,0,0,0,0.0,0.0,0.0,0.0,0,0,0,0,0,0,1,0,0,0,1024,0,0,24,0.0,0.0,0,0,0.0,0.0,0,0,-1,-1,1,Infiltration - Portscan,-1,Infiltration
3232238088,33265,3232238094,1163,6,2026-09-12 19:20:54,3,2,0,0,0,0,0,0.0,0.0,0,0,0.0,0.0,0.0,666666.6667,3.0,0.0,3,3,3,3.0,0.0,3,3,0,0.0,0.0,0,0,0,0,0,0,0,0,48,0,666666.6667,0.0,0,0,0.0,0.0,0.0,0,2,0,0,0,0,0,0,0.0,0.0,0.0,0.0,0,0,0,0,0,0,1,0,0,0,1024,0,0,24,0.0,0.0,0,0,0.0,0.0,0,0,-1,-1,3,Infiltration - Portscan,-1,Infiltration
3232238088,33264,3232238094,1073,6,2026-09-12 19:21:48,4,2,0,0,0,0,0,0.0,0.0,0,0,0.0,0.0,0.0,500000.0,4.0,0.0,4,4,4,4.0,0.0,4,4,0,0.0,0.0,0,0,0,0,0,0,0,0,48,0,500000.0,0.0,0,0,0.0,0.0,0.0,0,2,0,0,0,0,0,0,0.0,0.0,0.0,0.0,0,0,0,0,0,0,1,0,0,0,1024,0,0,24,0.0,0.0,0,0,0.0,0.0,0,0,-1,-1,4,Infiltration - Portscan,-1,Infiltration
3232238088,33265,3232238094,49156,6,2026-09-12 19:22:18,49,2,0,0,0,0,0,0.0,0.0,0,0,0.0,0.0,0.0,40816.32653,49.0,0.0,49,49,49,49.0,0.0,49,49,0,0.0,0.0,0,0,0,0,0,0,0,0,48,0,40816.32653,0.0,0,0,0.0,0.0,0.0,0,2,0,0,0,0,0,0,0.0,0.0,0.0,0.0,0,0,0,0,0,0,1,0,0,0,1024,0,0,24,0.0,0.0,0,0,0.0,0.0,0,0,-1,-1,49,Infiltration - Portscan,-1,Infiltration
3232238089,22024,399533421,80,6,2026-09-12 19:24:00,34353128,8,6,1242,446,1239,0,155.25,437.9014077,446,0,74.33333333,182.0787375,49.13671908,0.40753203,2642548.308,4281595.458,9998460,48,34353128,4907589.714,4887987.852,10023512,23282,30277221,6055444.2,5433859.613,10027619,7659,1,1,0,0,1,0,172,168,0.232875446,0.174656584,0,1239,120.5714286,343.1209059,117731.956,0,2,1,2,13,0,0,0,0.75,120.5714286,155.25,74.33333333,0,0,0,0,0,0,0,88,0,31,8192,1004,4,20,190059.6667,287119.9438,521594,23027,9902313.0,166093.4728,9998460,9710525,-1,-1,34353128,BENIGN,-1,BENIGN
2886729729,45012,3232238130,80,6,2026-09-12 19:35:06,5044085,6,5,517,3525,517,0,86.16666667,211.0643662,2077,0,705.0,990.6447396,801.3346325,2.180772132,504408.5,1580598.294,5002741,50,5044085,1008817.0,2254167.907,5041195,316,5005506,1251376.5,2501895.014,5004219,50,1,1,0,0,0,0,200,168,1.189512072,0.99126006,0,2077,367.4545455,720.6018823,519267.0727,1,2,0,2,10,0,0,0,0.833333333,367.4545455,86.16666667,705.0,0,0,0,0,0,0,0,47,0,320,29200,235,1,32,2890.0,0.0,2890,2890,5002741.0,0.0,5002741,5002741,-1,-1,5044085,DoS GoldenEye,-1,DoS
3232238097,45684,3451506842,443,6,2026-09-12 19:37:30,5479717,8,7,599,172,517,0,74.875,179.6826071,141,0,24.57142857,52.62400321,140.7006968,2.737367641,391408.3571,1088839.185,3945128,1,5479717,782816.7143,1512723.298,4003726,1,5459854,909975.6667,1606844.275,3964859,1,3,2,0,0,1,1,252,232,1.459929409,1.277438233,0,517,51.4,134.1810078,18004.54286,1,2,2,5,13,0,0,0,0.875,51.4,74.875,24.57142857,0,0,0,0,0,0,0,39,0,11,29200,31,3,20,0.0,0.0,0,0,0.0,0.0,0,0,-1,-1,5479717,BENIGN,-1,BENIGN
3232238088,63809,3232238095,1185,6,2026-09-12 19:41:54,49,2,0,0,0,0,0,0.0,0.0,0,0,0.0,0.0,0.0,40816.32653,49.0,0.0,49,49,49,49.0,0.0,49,49,0,0.0,0.0,0,0,0,0,0,0,0,0,48,0,40816.32653,0.0,0,0,0.0,0.0,0.0,0,2,0,0,0,0,0,0,0.0,0.0,0.0,0.0,0,0,0,0,0,0,1,0,0,0,1024,0,0,24,0.0,0.0,0,0,0.0,0.0,0,0,-1,-1,49,Infiltration - Portscan,-1,Infiltration
2886729729,45540,3232238130,80,6,2026-09-12 19:42:24,11732097,9,5,290,11632,290,0,32.22222222,96.66666667,7288,0,2326.4,3351.290617,1016.18662,1.193307556,902469.0,2220203.028,6686688,1,11732097,1466512.125,2750059.262,6688096,1,11693433,2923358.25,3443666.138,6686688,127,1,1,0,0,0,0,296,168,0.767126286,0.42618127,0,7288,851.5714286,2182.39363,4762841.956,1,2,0,2,13,0,0,0,0.555555556,851.5714286,32.22222222,2326.4,0,0,0,0,0,0,0,20,0,830,29200,235,1,32,2069.0,451.1341264,2388,1750,5844652.5,1190818.024,6686688,5002617,-1,-1,11732097,DoS GoldenEye,-1,DoS
3232238088,63810,3232238095,1088,6,2026-09-12 19:42:54,48,2,0,0,0,0,0,0.0,0.0,0,0,0.0,0.0,0.0,41666.66667,48.0,0.0,48,48,48,48.0,0.0,48,48,0,0.0,0.0,0,0,0,0,0,0,0,0,48,0,41666.66667,0.0,0,0,0.0,0.0,0.0,0,2,0,0,0,0,0,0,0.0,0.0,0.0,0.0,0,0,0,0,0,0,1,0,0,0,1024,0,0,24,0.0,0.0,0,0,0.0,0.0,0,0,-1,-1,48,Infiltration - Portscan,-1,Infiltration
3232238088,63809,3232238095,20,6,2026-09-12 19:43:12,2,2,0,0,0,0,0,0.0,0.0,0,0,0.0,0.0,0.0,1000000.0,2.0,0.0,2,2,2,2.0,0.0,2,2,0,0.0,0.0,0,0,0,0,0,0,0,0,48,0,1000000.0,0.0,0,0,0.0,0.0,0.0,0,2,0,0,0,0,0,0,0.0,0.0,0.0,0.0,0,0,0,0,0,0,1,0,0,0,1024,0,0,24,0.0,0.0,0,0,0.0,0.0,0,0,-1,-1,2,Infiltration - Portscan,-1,Infiltration
3232238088,63809,3232238095,7002,6,2026-09-12 19:43:42,3,2,0,0,0,0,0,0.0,0.0,0,0,0.0,0.0,0.0,666666.6667,3.0,0.0,3,3,3,3.0,0.0,3,3,0,0.0,0.0,0,0,0,0,0,0,0,0,48,0,666666.6667,0.0,0,0,0.0,0.0,0.0,0,2,0,0,0,0,0,0,0.0,0.0,0.0,0.0,0,0,0,0,0,0,1,0,0,0,1024,0,0,24,0.0,0.0,0,0,0.0,0.0,0,0,-1,-1,3,Infiltration - Portscan,-1,Infiltration
3232238088,63809,3232238095,30951,6,2026-09-12 19:44:30,1,2,0,0,0,0,0,0.0,0.0,0,0,0.0,0.0,0.0,2000000.0,1.0,0.0,1,1,1,1.0,0.0,1,1,0,0.0,0.0,0,0,0,0,0,0,0,0,48,0,2000000.0,0.0,0,0,0.0,0.0,0.0,0,2,0,0,0,0,0,0,0.0,0.0,0.0,0.0,0,0,0,0,0,0,1,0,0,0,1024,0,0,24,0.0,0.0,0,0,0.0,0.0,0,0,-1,-1,1,Infiltration - Portscan,-1,Infiltration
3232238083,61893,3232238081,53,17,2026-09-12 19:47:54,125182,1,1,48,143,48,48,48.0,0.0,143,143,143.0,0.0,1525.778467,15.97673787,125182.0,0.0,125182,125182,0,0.0,0.0,0,0,0,0.0,0.0,0,0,0,0,0,0,0,0,8,8,7.988368935,7.988368935,48,143,95.5,67.17514421,4512.5,0,0,0,0,0,0,0,0,1.0,95.5,48.0,143.0,0,0,0,0,0,0,0,24,0,71,0,0,0,8,0.0,0.0,0,0,0.0,0.0,0,0,-1,-1,0,BENIGN,-1,BENIGN
3232238088,61709,3232238096,5357,6,2026-09-12 20:02:36,15,1,1,0,0,0,0,0.0,0.0,0,0,0.0,0.0,0.0,133333.3333,15.0,0.0,15,15,0,0.0,0.0,0,0,0,0.0,0.0,0,0,0,0,0,0,0,1,24,20,66666.66667,66666.66667,0,0,0.0,0.0,0.0,0,1,1,0,1,0,0,0,1.0,0.0,0.0,0.0,0,0,0,0,0,0,0,0,0,0,1024,0,0,24,0.0,0.0,0,0,0.0,0.0,0,0,-1,-1,15,Infiltration - Portscan,-1,Infiltration
3232238088,61709,3232238096,27353,6,2026-09-12 20:02:36,112,2,2,0,0,0,0,0.0,0.0,0,0,0.0,0.0,0.0,35714.28571,37.33333333,19.34769581,49,15,48,48.0,0.0,48,48,49,49.0,0.0,49,49,0,0,0,0,0,2,48,40,17857.14286,17857.14286,0,0,0.0,0.0,0.0,0,2,2,0,2,0,0,0,1.0,0.0,0.0,0.0,0,0,0,0,0,0,0,0,0,0,1024,0,0,24,0.0,0.0,0,0,0.0,0.0,0,0,-1,-1,112,Infiltration - Portscan,-1,Infiltration
3232238083,61682,3232238081,53,17,2026-09-12 20:04:12,30609,1,1,45,173,45,45,45.0,0.0,173,173,173.0,0.0,7122.088275,65.3402594,30609.0,0.0,30609,30609,0,0.0,0.0,0,0,0,0.0,0.0,0,0,0,0,0,0,0,0,8,8,32.6701297,32.6701297,45,173,109.0,90.50966799,8192.0,0,0,0,0,0,0,0,0,1.0,109.0,45.0,173.0,0,0,0,0,0,0,0,22,0,86,0,0,0,8,0.0,0.0,0,0,0.0,0.0,0,0,-1,-1,0,BENIGN,-1,BENIGN
3232238096,42610,3003077377,80,6,2026-09-12 20:22:12,114244,5,5,437,859,437,0,87.4,195.4323412,859,0,171.8,384.1564785,11344.14061,87.53194916,12693.77778,15051.02059,36620,2,91180,22795.0,14918.21864,36620,1599,88016,22004.0,28394.8664,59727,2,1,1,0,0,0,0,168,168,43.76597458,43.76597458,0,859,129.6,290.7630574,84543.15556,2,2,0,2,9,0,0,0,1.0,129.6,87.4,171.8,0,0,0,0,0,0,0,43,0,85,29200,31,1,32,0.0,0.0,0,0,0.0,0.0,0,0,-1,-1,114244,BENIGN,-1,BENIGN
3232238094,60994,3232238083,53,17,2026-09-12 20:31:54,84047,4,2,140,194,35,35,35.0,0.0,97,97,97.0,0.0,3973.966947,71.38862779,16809.4,26942.90982,61834,3,61840,20613.33333,35698.14449,61834,3,3,3.0,0.0,3,3,0,0,0,0,0,0,32,16,47.59241853,23.79620926,35,97,55.66666667,32.01666233,1025.066667,0,0,0,0,0,0,0,0,0.5,55.66666667,35.0,97.0,140,4,2263,0,0,0,0,23,0,32,0,0,3,8,0.0,0.0,0,0,0.0,0.0,0,0,-1,-1,0,BENIGN,-1,BENIGN
3232238095,50653,642117128,80,6,2026-09-12 20:45:54,117048328,17,16,942,557,513,0,55.41176471,155.2631069,309,0,34.8125,95.77558405,12.80667589,0.281934826,3657760.25,4799749.012,10016072,46,117016235,7313514.688,4417403.419,10048179,330,117016329,7801088.6,4133521.759,10048165,511,2,2,0,0,0,0,352,464,0.145239153,0.136695673,0,513,45.42424242,128.306038,16462.43939,0,2,0,4,32,0,0,0,0.941176471,45.42424242,55.41176471,34.8125,0,0,0,0,0,0,0,28,0,16,8192,980,13,20,44421.83333,29117.38834,115286,31895,9706931.083,1026238.844,10016072,6449196,-1,-1,117048328,BENIGN,-1,BENIGN
3232238088,51014,3232238097,5800,6,2026-09-12 20:58:12,16,1,1,0,0,0,0,0.0,0.0,0,0,0.0,0.0,0.0,125000.0,16.0,0.0,16,16,0,0.0,0.0,0,0,0,0.0,0.0,0,0,0,0,0,0,0,1,24,20,62500.0,62500.0,0,0,0.0,0.0,0.0,0,1,1,0,1,0,0,0,1.0,0.0,0.0,0.0,0,0,0,0,0,0,0,0,0,0,1024,0,0,24,0.0,0.0,0,0,0.0,0.0,0,0,-1,-1,16,Infiltration - Portscan,-1,Infiltration
3232238088,51014,3232238097,6100,6,2026-09-12 20:58:12,17,1,1,0,0,0,0,0.0,0.0,0,0,0.0,0.0,0.0,117647.0588,17.0,0.0,17,17,0,0.0,0.0,0,0,0,0.0,0.0,0,0,0,0,0,0,0,1,24,20,58823.52941,58823.52941,0,0,0.0,0.0,0.0,0,1,1,0,1,0,0,0,1.0,0.0,0.0,0.0,0,0,0,0,0,0,0,0,0,0,1024,0,0,24,0.0,0.0,0,0,0.0,0.0,0,0,-1,-1,17,Infiltration - Portscan,-1,Infiltration
3232238088,51014,3232238097,32779,6,2026-09-12 20:58:12,17,1,1,0,0,0,0,0.0,0.0,0,0,0.0,0.0,0.0,117647.0588,17.0,0.0,17,17,0,0.0,0.0,0,0,0,0.0,0.0,0,0,0,0,0,0,0,1,24,20,58823.52941,58823.52941,0,0,0.0,0.0,0.0,0,1,1,0,1,0,0,0,1.0,0.0,0.0,0.0,0,0,0,0,0,0,0,0,0,0,1024,0,0,24,0.0,0.0,0,0,0.0,0.0,0,0,-1,-1,17,Infiltration - Portscan,-1,Infiltration
3232238088,51014,3232238097,1972,6,2026-09-12 20:58:12,106,2,2,0,0,0,0,0.0,0.0,0,0,0.0,0.0,0.0,37735.84906,35.33333333,22.81081615,49,9,49,49.0,0.0,49,49,48,48.0,0.0,48,48,0,0,0,0,0,2,48,40,18867.92453,18867.92453,0,0,0.0,0.0,0.0,0,2,2,0,2,0,0,0,1.0,0.0,0.0,0.0,0,0,0,0,0,0,0,0,0,0,1024,0,0,24,0.0,0.0,0,0,0.0,0.0,0,0,-1,-1,106,Infiltration - Portscan,-1,Infiltration
3232238088,51014,3232238097,9220,6,2026-09-12 20:58:12,60,2,2,0,0,0,0,0.0,0.0,0,0,0.0,0.0,0.0,66666.66667,20.0,24.75883681,48,1,1,1.0,0.0,1,1,48,48.0,0.0,48,48,0,0,0,0,0,2,48,40,33333.33333,33333.33333,0,0,0.0,0.0,0.0,0,2,2,0,2,0,0,0,1.0,0.0,0.0,0.0,0,0,0,0,0,0,0,0,0,0,1024,0,0,24,0.0,0.0,0,0,0.0,0.0,0,0,-1,-1,60,Infiltration - Portscan,-1,Infiltration
3232238088,55962,3232238083,53,17,2026-09-12 21:03:00,136,2,2,84,116,42,42,42.0,0.0,58,58,58.0,0.0,1470588.235,29411.76471,45.33333333,72.45918391,129,3,4,4.0,0.0,4,4,3,3.0,0.0,3,3,0,0,0,0,0,0,16,16,14705.88235,14705.88235,42,58,50.0,9.237604307,85.33333333,0,0,0,0,0,0,0,0,1.0,50.0,42.0,58.0,0,0,0,0,0,0,0,21,0,29,0,0,1,8,0.0,0.0,0,0,0.0,0.0,0,0,-1,-1,0,BENIGN,-1,BENIGN
3232238089,58077,3232238083,53,17,2026-09-12 21:21:54,183,2,2,98,130,49,49,49.0,0.0,65,65,65.0,0.0,1245901.639,21857.9235,61.0,20.80865205,85,48,50,50.0,0.0,50,50,48,48.0,0.0,48,48,0,0,0,0,0,0,16,16,10928.96175,10928.96175,49,65,57.0,9.237604307,85.33333333,0,0,0,0,0,0,0,0,1.0,57.0,49.0,65.0,0,0,0,0,0,0,0,24,0,32,0,0,1,8,0.0,0.0,0,0,0.0,0.0,0,0,-1,-1,0,BENIGN,-1,BENIGN
3232238085,65328,878142893,80,6,2026-09-12 21:37:24,65818883,12,10,1142,947,615,0,95.16666667,221.7680333,553,0,94.7,203.1321682,31.73861215,0.334250583,3134232.524,4592739.867,10005429,106,65818883,5983534.818,4898129.12,10056036,12471,60452279,6716919.889,5002956.962,10055978,1540,2,2,0,0,1,0,252,284,0.1823185,0.151932083,0,615,94.95454545,208.4360076,43445.56926,0,2,1,4,21,0,0,0,0.833333333,94.95454545,95.16666667,94.7,0,0,0,0,0,0,0,51,0,43,8192,115,8,20,72737.71429,58884.51263,206275,50364,9329959.857,1769916.655,10005429,5316210,-1,-1,65818883,BENIGN,-1,BENIGN
3232238105,59195,872915147,443,6,2026-09-12 21:51:54,66736608,19,16,1300,8191,453,0,68.42105263,142.9601016,1448,0,511.9375,576.6405546,142.2157986,0.524449789,1962841.412,10387882.54,60549297,1,66736608,3707589.333,14234470.03,60549399,1,66685800,4445720.0,15573784.7,60549344,1,6,9,0,0,0,0,620,520,0.284701314,0.239748475,0,1448,271.1714286,455.8163643,207768.558,1,2,0,15,34,0,0,0,0.842105263,271.1714286,68.42105263,511.9375,0,0,0,3885,4,15295275,0,37,0,234,65535,118,6,32,593408.5,839062.0989,1186715,102,32774855.0,39278992.56,60549297,5000413,-1,-1,66736608,BENIGN,-1,BENIGN
3232238088,61232,3232238099,2005,6,2026-09-12 21:53:48,108,2,2,0,0,0,0,0.0,0.0,0,0,0.0,0.0,0.0,37037.03704,36.0,20.78460969,48,12,48,48.0,0.0,48,48,48,48.0,0.0,48,48,0,0,0,0,0,2,48,40,18518.51852,18518.51852,0,0,0.0,0.0,0.0,0,2,2,0,2,0,0,0,1.0,0.0,0.0,0.0,0,0,0,0,0,0,0,0,0,0,1024,0,0,24,0.0,0.0,0,0,0.0,0.0,0,0,-1,-1,108,Infiltration - Portscan,-1,Infiltration
3232238088,61232,3232238099,4446,6,2026-09-12 21:53:48,19,1,1,0,0,0,0,0.0,0.0,0,0,0.0,0.0,0.0,105263.1579,19.0,0.0,19,19,0,0.0,0.0,0,0,0,0.0,0.0,0,0,0,0,0,0,0,1,24,20,52631.57895,52631.57895,0,0,0.0,0.0,0.0,0,1,1,0,1,0,0,0,1.0,0.0,0.0,0.0,0,0,0,0,0,0,0,0,0,0,1024,0,0,24,0.0,0.0,0,0,0.0,0.0,0,0,-1,-1,19,Infiltration - Portscan,-1,Infiltration
3232238088,61232,3232238099,10001,6,2026-09-12 21:53:48,64,2,2,0,0,0,0,0.0,0.0,0,0,0.0,0.0,0.0,62500.0,21.33333333,24.13158373,48,1,1,1.0,0.0,1,1,48,48.0,0.0,48,48,0,0,0,0,0,2,48,40,31250.0,31250.0,0,0,0.0,0.0,0.0,0,2,2,0,2,0,0,0,1.0,0.0,0.0,0.0,0,0,0,0,0,0,0,0,0,0,1024,0,0,24,0.0,0.0,0,0,0.0,0.0,0,0,-1,-1,64,Infiltration - Portscan,-1,Infiltration
2886729729,35609,3232238130,981,6,2026-09-12 22:02:18,17,1,1,0,0,0,0,0.0,0.0,0,0,0.0,0.0,0.0,117647.0588,17.0,0.0,17,17,0,0.0,0.0,0,0,0,0.0,0.0,0,0,0,0,0,0,0,1,24,20,58823.52941,58823.52941,0,0,0.0,0.0,0.0,0,1,1,0,1,0,0,0,1.0,0.0,0.0,0.0,0,0,0,0,0,0,0,0,0,0,1024,0,0,24,0.0,0.0,0,0,0.0,0.0,0,0,-1,-1,17,Portscan,-1,PortScan
2886729729,35609,3232238130,843,6,2026-09-12 22:02:18,49,1,1,0,0,0,0,0.0,0.0,0,0,0.0,0.0,0.0,40816.32653,49.0,0.0,49,49,0,0.0,0.0,0,0,0,0.0,0.0,0,0,0,0,0,0,0,1,24,20,20408.16327,20408.16327,0,0,0.0,0.0,0.0,0,1,1,0,1,0,0,0,1.0,0.0,0.0,0.0,0,0,0,0,0,0,0,0,0,0,1024,0,0,24,0.0,0.0,0,0,0.0,0.0,0,0,-1,-1,49,Portscan,-1,PortScan
2886729729,35609,3232238130,9011,6,2026-09-12 22:02:24,49,1,1,0,0,0,0,0.0,0.0,0,0,0.0,0.0,0.0,40816.32653,49.0,0.0,49,49,0,0.0,0.0,0,0,0,0.0,0.0,0,0,0,0,0,0,0,1,24,20,20408.16327,20408.16327,0,0,0.0,0.0,0.0,0,1,1,0,1,0,0,0,1.0,0.0,0.0,0.0,0,0,0,0,0,0,0,0,0,0,1024,0,0,24,0.0,0.0,0,0,0.0,0.0,0,0,-1,-1,49,Portscan,-1,PortScan
2886729729,35609,3232238130,2065,6,2026-09-12 22:02:24,91,1,1,0,0,0,0,0.0,0.0,0,0,0.0,0.0,0.0,21978.02198,91.0,0.0,91,91,0,0.0,0.0,0,0,0,0.0,0.0,0,0,0,0,0,0,0,1,24,20,10989.01099,10989.01099,0,0,0.0,0.0,0.0,0,1,1,0,1,0,0,0,1.0,0.0,0.0,0.0,0,0,0,0,0,0,0,0,0,0,1024,0,0,24,0.0,0.0,0,0,0.0,0.0,0,0,-1,-1,91,Portscan,-1,PortScan
2886729729,35609,3232238130,6005,6,2026-09-12 22:02:24,31,1,1,0,0,0,0,0.0,0.0,0,0,0.0,0.0,0.0,64516.12903,31.0,0.0,31,31,0,0.0,0.0,0,0,0,0.0,0.0,0,0,0,0,0,0,0,1,24,20,32258.06452,32258.06452,0,0,0.0,0.0,0.0,0,1,1,0,1,0,0,0,1.0,0.0,0.0,0.0,0,0,0,0,0,0,0,0,0,0,1024,0,0,24,0.0,0.0,0,0,0.0,0.0,0,0,-1,-1,31,Portscan,-1,PortScan
2886729729,35609,3232238130,1216,6,2026-09-12 22:02:24,47,1,1,0,0,0,0,0.0,0.0,0,0,0.0,0.0,0.0,42553.19149,47.0,0.0,47,47,0,0.0,0.0,0,0,0,0.0,0.0,0,0,0,0,0,0,0,1,24,20,21276.59574,21276.59574,0,0,0.0,0.0,0.0,0,1,1,0,1,0,0,0,1.0,0.0,0.0,0.0,0,0,0,0,0,0,0,0,0,0,1024,0,0,24,0.0,0.0,0,0,0.0,0.0,0,0,-1,-1,47,Portscan,-1,PortScan
3232238105,51003,2899903342,443,6,2026-09-12 22:02:42,51931968,25,19,1518,17698,677,0,60.72,155.9579324,1418,0,931.4736842,629.5225147,370.0225649,0.847262326,1207720.186,7803695.603,51188761,1,51931968,2163832.0,10442491.16,51188761,2,51895474,2883081.889,12065009.35,51225391,1,7,13,0,0,0,0,812,616,0.481399049,0.365863277,0,1418,436.7272727,608.1303167,369822.482,2,2,0,20,43,0,0,0,0.76,436.7272727,60.72,931.4736842,0,0,0,13186,10,5191338,0,34,0,402,65535,359,7,32,706511.0,0.0,706511,706511,51188761.0,0.0,51188761,51188761,-1,-1,51931968,BENIGN,-1,BENIGN
2886729729,46785,3232238130,1533,6,2026-09-12 22:16:00,43,1,1,0,0,0,0,0.0,0.0,0,0,0.0,0.0,0.0,46511.62791,43.0,0.0,43,43,0,0.0,0.0,0,0,0,0.0,0.0,0,0,0,0,0,0,0,1,24,20,23255.81395,23255.81395,0,0,0.0,0.0,0.0,0,1,1,0,1,0,0,0,1.0,0.0,0.0,0.0,0,0,0,0,0,0,0,0,0,0,1024,0,0,24,0.0,0.0,0,0,0.0,0.0,0,0,-1,-1,43,Portscan,-1,PortScan
2886729729,46785,3232238130,8087,6,2026-09-12 22:16:00,98,1,1,0,0,0,0,0.0,0.0,0,0,0.0,0.0,0.0,20408.16327,98.0,0.0,98,98,0,0.0,0.0,0,0,0,0.0,0.0,0,0,0,0,0,0,0,1,24,20,10204.08163,10204.08163,0,0,0.0,0.0,0.0,0,1,1,0,1,0,0,0,1.0,0.0,0.0,0.0,0,0,0,0,0,0,0,0,0,0,1024,0,0,24,0.0,0.0,0,0,0.0,0.0,0,0,-1,-1,98,Portscan,-1,PortScan
2886729729,46785,3232238130,6100,6,2026-09-12 22:16:00,11,1,1,0,0,0,0,0.0,0.0,0,0,0.0,0.0,0.0,181818.1818,11.0,0.0,11,11,0,0.0,0.0,0,0,0,0.0,0.0,0,0,0,0,0,0,0,1,24,20,90909.09091,90909.09091,0,0,0.0,0.0,0.0,0,1,1,0,1,0,0,0,1.0,0.0,0.0,0.0,0,0,0,0,0,0,0,0,0,0,1024,0,0,24,0.0,0.0,0,0,0.0,0.0,0,0,-1,-1,11,Portscan,-1,PortScan
2886729729,46785,3232238130,1310,6,2026-09-12 22:16:00,43,1,1,0,0,0,0,0.0,0.0,0,0,0.0,0.0,0.0,46511.62791,43.0,0.0,43,43,0,0.0,0.0,0,0,0,0.0,0.0,0,0,0,0,0,0,0,1,24,20,23255.81395,23255.81395,0,0,0.0,0.0,0.0,0,1,1,0,1,0,0,0,1.0,0.0,0.0,0.0,0,0,0,0,0,0,0,0,0,0,1024,0,0,24,0.0,0.0,0,0,0.0,0.0,0,0,-1,-1,43,Portscan,-1,PortScan
2886729729,46785,3232238130,110,6,2026-09-12 22:16:00,43,1,1,0,0,0,0,0.0,0.0,0,0,0.0,0.0,0.0,46511.62791,43.0,0.0,43,43,0,0.0,0.0,0,0,0,0.0,0.0,0,0,0,0,0,0,0,1,24,20,23255.81395,23255.81395,0,0,0.0,0.0,0.0,0,1,1,0,1,0,0,0,1.0,0.0,0.0,0.0,0,0,0,0,0,0,0,0,0,0,1024,0,0,24,0.0,0.0,0,0,0.0,0.0,0,0,-1,-1,43,Portscan,-1,PortScan
3232238130,123,1539136413,123,17,2026-09-12 22:18:24,64036972,2,2,96,96,48,48,48.0,0.0,48,48,48.0,0.0,2.998267938,0.062463915,21345657.33,36907934.35,63963269,36775,64000044,64000044.0,0.0,64000044,64000044,64000197,64000197.0,0.0,64000197,64000197,0,0,0,0,0,0,16,16,0.031231958,0.031231958,48,48,48.0,0.0,0.0,0,0,0,0,0,0,0,0,1.0,48.0,48.0,48.0,0,0,0,0,0,0,0,24,0,24,0,0,1,8,36775.0,0.0,36775,36775,63963269.0,0.0,63963269,63963269,-1,-1,0,BENIGN,-1,BENIGN
2886729729,35818,3232238130,80,6,2026-09-12 22:19:36,109286731,4,3,535,0,520,0,133.75,257.5970691,0,0,0.0,0.0,4.895379294,0.064051692,18214455.17,44613499.69,109281380,27,109286628,36428876.0,63092142.61,109281407,579,109286683,54643341.5,77270000.73,109281483,5200,2,0,0,0,0,0,136,104,0.036600967,0.027450725,0,520,76.42857143,195.6764823,38289.28571,0,2,0,2,6,0,0,0,0.75,76.42857143,133.75,0.0,0,0,0,0,0,0,0,76,0,0,29200,235,2,32,5248.0,0.0,5248,5248,109281380.0,0.0,109281380,109281380,-1,-1,109286731,DoS Slowhttptest,-1,DoS
2886729729,36192,3232238130,80,6,2026-09-12 22:20:36,63144264,7,0,0,0,0,0,0.0,0.0,0,0,0.0,0.0,0.0,0.110857259,10524044.0,11898118.59,32095735,996744,63144264,10524044.0,11898118.59,32095735,996744,0,0.0,0.0,0,0,0,0,0,0,0,0,280,0,0.110857259,0.0,0,0,0.0,0.0,0.0,0,7,0,0,0,0,0,0,0.0,0.0,0.0,0.0,0,0,0,0,0,0,1,0,0,0,29200,0,0,40,7008684.0,0.0,7008684,7008684,18711860.0,12265498.24,32095735,8007895,-1,-1,63144264,DoS Slowhttptest - Attempted,6,DoS
2886729729,36632,3232238130,80,6,2026-09-12 22:21:42,63153059,7,0,0,0,0,0,0.0,0.0,0,0,0.0,0.0,0.0,0.11084182,10525509.83,11897584.45,32095615,997678,63153059,10525509.83,11897584.45,32095615,997678,0,0.0,0.0,0,0,0,0,0,0,0,0,280,0,0.11084182,0.0,0,0,0.0,0.0,0.0,0,7,0,0,0,0,0,0,0.0,0.0,0.0,0.0,0,0,0,0,0,0,1,0,0,0,29200,0,0,40,7009568.0,0.0,7009568,7009568,18714497.0,12261908.27,32095615,8015989,-1,-1,63153059,DoS Slowhttptest - Attempted,6,DoS
2886729729,37168,3232238130,80,6,2026-09-12 22:23:06,63114999,7,0,0,0,0,0,0.0,0.0,0,0,0.0,0.0,0.0,0.110908661,10519166.5,11885939.6,32063429,999689,63114999,10519166.5,11885939.6,32063429,999689,0,0.0,0.0,0,0,0,0,0,0,0,0,280,0,0.110908661,0.0,0,0,0.0,0.0,0.0,0,7,0,0,0,0,0,0,0.0,0.0,0.0,0.0,0,0,0,0,0,0,1,0,0,0,29200,0,0,40,7011627.0,0.0,7011627,7011627,18701124.0,12247852.76,32063429,8007927,-1,-1,63114999,DoS Slowhttptest - Attempted,6,DoS
2886729729,39583,3232238130,8080,6,2026-09-12 22:29:36,16,1,1,0,0,0,0,0.0,0.0,0,0,0.0,0.0,0.0,125000.0,16.0,0.0,16,16,0,0.0,0.0,0,0,0,0.0,0.0,0,0,0,0,0,0,0,1,24,20,62500.0,62500.0,0,0,0.0,0.0,0.0,0,1,1,0,1,0,0,0,1.0,0.0,0.0,0.0,0,0,0,0,0,0,0,0,0,0,1024,0,0,24,0.0,0.0,0,0,0.0,0.0,0,0,-1,-1,16,Portscan,-1,PortScan
2886729729,39583,3232238130,311,6,2026-09-12 22:29:42,48,1,1,0,0,0,0,0.0,0.0,0,0,0.0,0.0,0.0,41666.66667,48.0,0.0,48,48,0,0.0,0.0,0,0,0,0.0,0.0,0,0,0,0,0,0,0,1,24,20,20833.33333,20833.33333,0,0,0.0,0.0,0.0,0,1,1,0,1,0,0,0,1.0,0.0,0.0,0.0,0,0,0,0,0,0,0,0,0,0,1024,0,0,24,0.0,0.0,0,0,0.0,0.0,0,0,-1,-1,48,Portscan,-1,PortScan
2886729729,39583,3232238130,7911,6,2026-09-12 22:29:42,57,1,1,0,0,0,0,0.0,0.0,0,0,0.0,0.0,0.0,35087.7193,57.0,0.0,57,57,0,0.0,0.0,0,0,0,0.0,0.0,0,0,0,0,0,0,0,1,24,20,17543.85965,17543.85965,0,0,0.0,0.0,0.0,0,1,1,0,1,0,0,0,1.0,0.0,0.0,0.0,0,0,0,0,0,0,0,0,0,0,1024,0,0,24,0.0,0.0,0,0,0.0,0.0,0,0,-1,-1,57,Portscan,-1,PortScan
2886729729,39583,3232238130,1011,6,2026-09-12 22:29:42,74,1,1,0,0,0,0,0.0,0.0,0,0,0.0,0.0,0.0,27027.02703,74.0,0.0,74,74,0,0.0,0.0,0,0,0,0.0,0.0,0,0,0,0,0,0,0,1,24,20,13513.51351,13513.51351,0,0,0.0,0.0,0.0,0,1,1,0,1,0,0,0,1.0,0.0,0.0,0.0,0,0,0,0,0,0,0,0,0,0,1024,0,0,24,0.0,0.0,0,0,0.0,0.0,0,0,-1,-1,74,Portscan,-1,PortScan
2886729729,39583,3232238130,16992,6,2026-09-12 22:29:42,55,1,1,0,0,0,0,0.0,0.0,0,0,0.0,0.0,0.0,36363.63636,55.0,0.0,55,55,0,0.0,0.0,0,0,0,0.0,0.0,0,0,0,0,0,0,0,1,24,20,18181.81818,18181.81818,0,0,0.0,0.0,0.0,0,1,1,0,1,0,0,0,1.0,0.0,0.0,0.0,0,0,0,0,0,0,0,0,0,0,1024,0,0,24,0.0,0.0,0,0,0.0,0.0,0,0,-1,-1,55,Portscan,-1,PortScan
3232238099,57893,3232238083,53,17,2026-09-12 22:37:06,61185,2,2,90,196,45,45,45.0,0.0,98,98,98.0,0.0,4674.348288,65.37550053,20395.0,35321.71213,61181,1,1,1.0,0.0,1,1,3,3.0,0.0,3,3,0,0,0,0,0,0,16,16,32.68775027,32.68775027,45,98,71.5,30.59956427,936.3333333,0,0,0,0,0,0,0,0,1.0,71.5,45.0,98.0,0,0,0,0,0,0,0,22,0,49,0,0,1,8,0.0,0.0,0,0,0.0,0.0,0,0,-1,-1,0,BENIGN,-1,BENIGN
2886729729,58056,3232238130,1863,6,2026-09-12 22:43:24,15,1,1,0,0,0,0,0.0,0.0,0,0,0.0,0.0,0.0,133333.3333,15.0,0.0,15,15,0,0.0,0.0,0,0,0,0.0,0.0,0,0,0,0,0,0,0,1,24,20,66666.66667,66666.66667,0,0,0.0,0.0,0.0,0,1,1,0,1,0,0,0,1.0,0.0,0.0,0.0,0,0,0,0,0,0,0,0,0,0,1024,0,0,24,0.0,0.0,0,0,0.0,0.0,0,0,-1,-1,15,Portscan,-1,PortScan
2886729729,58056,3232238130,3030,6,2026-09-12 22:43:24,47,1,1,0,0,0,0,0.0,0.0,0,0,0.0,0.0,0.0,42553.19149,47.0,0.0,47,47,0,0.0,0.0,0,0,0,0.0,0.0,0,0,0,0,0,0,0,1,24,20,21276.59574,21276.59574,0,0,0.0,0.0,0.0,0,1,1,0,1,0,0,0,1.0,0.0,0.0,0.0,0,0,0,0,0,0,0,0,0,0,1024,0,0,24,0.0,0.0,0,0,0.0,0.0,0,0,-1,-1,47,Portscan,-1,PortScan
2886729729,58056,3232238130,6566,6,2026-09-12 22:43:24,40,1,1,0,0,0,0,0.0,0.0,0,0,0.0,0.0,0.0,50000.0,40.0,0.0,40,40,0,0.0,0.0,0,0,0,0.0,0.0,0,0,0,0,0,0,0,1,24,20,25000.0,25000.0,0,0,0.0,0.0,0.0,0,1,1,0,1,0,0,0,1.0,0.0,0.0,0.0,0,0,0,0,0,0,0,0,0,0,1024,0,0,24,0.0,0.0,0,0,0.0,0.0,0,0,-1,-1,40,Portscan,-1,PortScan
2886729729,58056,3232238130,9944,6,2026-09-12 22:43:24,39,1,1,0,0,0,0,0.0,0.0,0,0,0.0,0.0,0.0,51282.05128,39.0,0.0,39,39,0,0.0,0.0,0,0,0,0.0,0.0,0,0,0,0,0,0,0,1,24,20,25641.02564,25641.02564,0,0,0.0,0.0,0.0,0,1,1,0,1,0,0,0,1.0,0.0,0.0,0.0,0,0,0,0,0,0,0,0,0,0,1024,0,0,24,0.0,0.0,0,0,0.0,0.0,0,0,-1,-1,39,Portscan,-1,PortScan
2886729729,58056,3232238130,254,6,2026-09-12 22:43:24,101,1,1,0,0,0,0,0.0,0.0,0,0,0.0,0.0,0.0,19801.9802,101.0,0.0,101,101,0,0.0,0.0,0,0,0,0.0,0.0,0,0,0,0,0,0,0,1,24,20,9900.990099,9900.990099,0,0,0.0,0.0,0.0,0,1,1,0,1,0,0,0,1.0,0.0,0.0,0.0,0,0,0,0,0,0,0,0,0,0,1024,0,0,24,0.0,0.0,0,0,0.0,0.0,0,0,-1,-1,101,Portscan,-1,PortScan
3232238088,42484,3232238105,1812,6,2026-09-12 22:49:06,19,1,1,0,0,0,0,0.0,0.0,0,0,0.0,0.0,0.0,105263.1579,19.0,0.0,19,19,0,0.0,0.0,0,0,0,0.0,0.0,0,0,0,0,0,0,0,1,24,20,52631.57895,52631.57895,0,0,0.0,0.0,0.0,0,1,1,0,1,0,0,0,1.0,0.0,0.0,0.0,0,0,0,0,0,0,0,0,0,0,1024,0,0,24,0.0,0.0,0,0,0.0,0.0,0,0,-1,-1,19,Infiltration - Portscan,-1,Infiltration
3232238088,42484,3232238105,1040,6,2026-09-12 22:50:18,2,2,0,0,0,0,0,0.0,0.0,0,0,0.0,0.0,0.0,1000000.0,2.0,0.0,2,2,2,2.0,0.0,2,2,0,0.0,0.0,0,0,0,0,0,0,0,0,48,0,1000000.0,0.0,0,0,0.0,0.0,0.0,0,2,0,0,0,0,0,0,0.0,0.0,0.0,0.0,0,0,0,0,0,0,1,0,0,0,1024,0,0,24,0.0,0.0,0,0,0.0,0.0,0,0,-1,-1,2,Infiltration - Portscan,-1,Infiltration
3232238088,42484,3232238105,49175,6,2026-09-12 22:54:12,43,2,2,0,0,0,0,0.0,0.0,0,0,0.0,0.0,0.0,93023.25581,14.33333333,18.7705443,36,3,3,3.0,0.0,3,3,4,4.0,0.0,4,4,0,0,0,0,0,2,48,40,46511.62791,46511.62791,0,0,0.0,0.0,0.0,0,2,2,0,2,0,0,0,1.0,0.0,0.0,0.0,0,0,0,0,0,0,0,0,0,0,1024,0,0,24,0.0,0.0,0,0,0.0,0.0,0,0,-1,-1,43,Infiltration - Portscan,-1,Infiltration
2886729729,34497,3232238130,10009,6,2026-09-12 22:57:06,72,1,1,0,0,0,0,0.0,0.0,0,0,0.0,0.0,0.0,27777.77778,72.0,0.0,72,72,0,0.0,0.0,0,0,0,0.0,0.0,0,0,0,0,0,0,0,1,24,20,13888.88889,13888.88889,0,0,0.0,0.0,0.0,0,1,1,0,1,0,0,0,1.0,0.0,0.0,0.0,0,0,0,0,0,0,0,0,0,0,1024,0,0,24,0.0,0.0,0,0,0.0,0.0,0,0,-1,-1,72,Portscan,-1,PortScan
2886729729,34497,3232238130,5405,6,2026-09-12 22:57:06,30,1,1,0,0,0,0,0.0,0.0,0,0,0.0,0.0,0.0,66666.66667,30.0,0.0,30,30,0,0.0,0.0,0,0,0,0.0,0.0,0,0,0,0,0,0,0,1,24,20,33333.33333,33333.33333,0,0,0.0,0.0,0.0,0,1,1,0,1,0,0,0,1.0,0.0,0.0,0.0,0,0,0,0,0,0,0,0,0,0,1024,0,0,24,0.0,0.0,0,0,0.0,0.0,0,0,-1,-1,30,Portscan,-1,PortScan
2886729729,34497,3232238130,32777,6,2026-09-12 22:57:06,12,1,1,0,0,0,0,0.0,0.0,0,0,0.0,0.0,0.0,166666.6667,12.0,0.0,12,12,0,0.0,0.0,0,0,0,0.0,0.0,0,0,0,0,0,0,0,1,24,20,83333.33333,83333.33333,0,0,0.0,0.0,0.0,0,1,1,0,1,0,0,0,1.0,0.0,0.0,0.0,0,0,0,0,0,0,0,0,0,0,1024,0,0,24,0.0,0.0,0,0,0.0,0.0,0,0,-1,-1,12,Portscan,-1,PortScan
2886729729,34497,3232238130,1067,6,2026-09-12 22:57:12,22,1,1,0,0,0,0,0.0,0.0,0,0,0.0,0.0,0.0,90909.09091,22.0,0.0,22,22,0,0.0,0.0,0,0,0,0.0,0.0,0,0,0,0,0,0,0,1,24,20,45454.54545,45454.54545,0,0,0.0,0.0,0.0,0,1,1,0,1,0,0,0,1.0,0.0,0.0,0.0,0,0,0,0,0,0,0,0,0,0,1024,0,0,24,0.0,0.0,0,0,0.0,0.0,0,0,-1,-1,22,Portscan,-1,PortScan
2886729729,34497,3232238130,1259,6,2026-09-12 22:57:12,40,1,1,0,0,0,0,0.0,0.0,0,0,0.0,0.0,0.0,50000.0,40.0,0.0,40,40,0,0.0,0.0,0,0,0,0.0,0.0,0,0,0,0,0,0,0,1,24,20,25000.0,25000.0,0,0,0.0,0.0,0.0,0,1,1,0,1,0,0,0,1.0,0.0,0.0,0.0,0,0,0,0,0,0,0,0,0,0,1024,0,0,24,0.0,0.0,0,0,0.0,0.0,0,0,-1,-1,40,Portscan,-1,PortScan
2886729729,34497,3232238130,19350,6,2026-09-12 22:57:12,45,1,1,0,0,0,0,0.0,0.0,0,0,0.0,0.0,0.0,44444.44444,45.0,0.0,45,45,0,0.0,0.0,0,0,0,0.0,0.0,0,0,0,0,0,0,0,1,24,20,22222.22222,22222.22222,0,0,0.0,0.0,0.0,0,1,1,0,1,0,0,0,1.0,0.0,0.0,0.0,0,0,0,0,0,0,0,0,0,0,1024,0,0,24,0.0,0.0,0,0,0.0,0.0,0,0,-1,-1,45,Portscan,-1,PortScan
3232238097,25889,3232238083,53,17,2026-09-12 22:57:30,246645,2,2,70,376,35,35,35.0,0.0,188,188,188.0,0.0,1808.266942,16.21764074,82215.0,142394.495,246638,3,3,3.0,0.0,3,3,4,4.0,0.0,4,4,0,0,0,0,0,0,16,16,8.108820369,8.108820369,35,188,111.5,88.33459119,7803.0,0,0,0,0,0,0,0,0,1.0,111.5,35.0,188.0,0,0,0,0,0,0,0,17,0,94,0,0,1,8,0.0,0.0,0,0,0.0,0.0,0,0,-1,-1,0,BENIGN,-1,BENIGN
3232238088,42484,3232238105,6566,6,2026-09-12 22:57:30,40,2,2,0,0,0,0,0.0,0.0,0,0,0.0,0.0,0.0,100000.0,13.33333333,17.92577288,34,2,4,4.0,0.0,4,4,2,2.0,0.0,2,2,0,0,0,0,0,2,48,40,50000.0,50000.0,0,0,0.0,0.0,0.0,0,2,2,0,2,0,0,0,1.0,0.0,0.0,0.0,0,0,0,0,0,0,0,0,0,0,1024,0,0,24,0.0,0.0,0,0,0.0,0.0,0,0,-1,-1,40,Infiltration - Portscan,-1,Infiltration
3232238088,51700,3232238130,1023,6,2026-09-12 23:01:06,93,2,2,0,0,0,0,0.0,0.0,0,0,0.0,0.0,0.0,43010.75269,31.0,26.05762844,48,1,1,1.0,0.0,1,1,48,48.0,0.0,48,48,0,0,0,0,0,2,48,40,21505.37634,21505.37634,0,0,0.0,0.0,0.0,0,2,2,0,2,0,0,0,1.0,0.0,0.0,0.0,0,0,0,0,0,0,0,0,0,0,1024,0,0,24,0.0,0.0,0,0,0.0,0.0,0,0,-1,-1,93,Infiltration - Portscan,-1,Infiltration
3232238088,51700,3232238130,30951,6,2026-09-12 23:01:06,105,2,2,0,0,0,0,0.0,0.0,0,0,0.0,0.0,0.0,38095.2381,35.0,26.96293753,53,4,48,48.0,0.0,48,48,4,4.0,0.0,4,4,0,0,0,0,0,2,48,40,19047.61905,19047.61905,0,0,0.0,0.0,0.0,0,2,2,0,2,0,0,0,1.0,0.0,0.0,0.0,0,0,0,0,0,0,0,0,0,0,1024,0,0,24,0.0,0.0,0,0,0.0,0.0,0,0,-1,-1,105,Infiltration - Portscan,-1,Infiltration
3232238088,51700,3232238130,5801,6,2026-09-12 23:01:06,98,2,2,0,0,0,0,0.0,0.0,0,0,0.0,0.0,0.0,40816.32653,32.66666667,28.29016319,49,0,49,49.0,0.0,49,49,0,0.0,0.0,0,0,0,0,0,0,0,2,48,40,20408.16327,20408.16327,0,0,0.0,0.0,0.0,0,2,2,0,2,0,0,0,1.0,0.0,0.0,0.0,0,0,0,0,0,0,0,0,0,0,1024,0,0,24,0.0,0.0,0,0,0.0,0.0,0,0,-1,-1,98,Infiltration - Portscan,-1,Infiltration
3232238088,51700,3232238130,7911,6,2026-09-12 23:01:12,48,1,1,0,0,0,0,0.0,0.0,0,0,0.0,0.0,0.0,41666.66667,48.0,0.0,48,48,0,0.0,0.0,0,0,0,0.0,0.0,0,0,0,0,0,0,0,1,24,20,20833.33333,20833.33333,0,0,0.0,0.0,0.0,0,1,1,0,1,0,0,0,1.0,0.0,0.0,0.0,0,0,0,0,0,0,0,0,0,0,1024,0,0,24,0.0,0.0,0,0,0.0,0.0,0,0,-1,-1,48,Infiltration - Portscan,-1,Infiltration
2886729729,37568,3232238130,80,6,2026-09-12 23:07:00,52364617,14,2,3560,0,356,0,254.2857143,166.8953742,0,0,0.0,0.0,67.98483793,0.305549833,3490974.467,6011796.661,20771196,88,52364617,4028047.462,6310483.28,20771196,367,31592757,31592757.0,0.0,31592757,31592757,10,0,0,0,0,0,456,80,0.267356104,0.038193729,0,356,222.5,178.0,31684.0,6,3,0,10,15,0,0,0,0.142857143,222.5,254.2857143,0.0,1780,5,1093,0,0,0,0,222,0,0,29200,28960,10,32,3270933.0,4624983.223,6541290,576,11455687.75,7076891.828,20771196,5403712,-1,-1,52364617,DoS Slowhttptest,-1,DoS
2886729729,41041,3232238130,6106,6,2026-09-12 23:10:48,72,1,1,0,0,0,0,0.0,0.0,0,0,0.0,0.0,0.0,27777.77778,72.0,0.0,72,72,0,0.0,0.0,0,0,0,0.0,0.0,0,0,0,0,0,0,0,1,24,20,13888.88889,13888.88889,0,0,0.0,0.0,0.0,0,1,1,0,1,0,0,0,1.0,0.0,0.0,0.0,0,0,0,0,0,0,0,0,0,0,1024,0,0,24,0.0,0.0,0,0,0.0,0.0,0,0,-1,-1,72,Portscan,-1,PortScan
2886729729,41041,3232238130,1079,6,2026-09-12 23:10:48,92,1,1,0,0,0,0,0.0,0.0,0,0,0.0,0.0,0.0,21739.13043,92.0,0.0,92,92,0,0.0,0.0,0,0,0,0.0,0.0,0,0,0,0,0,0,0,1,24,20,10869.56522,10869.56522,0,0,0.0,0.0,0.0,0,1,1,0,1,0,0,0,1.0,0.0,0.0,0.0,0,0,0,0,0,0,0,0,0,0,1024,0,0,24,0.0,0.0,0,0,0.0,0.0,0,0,-1,-1,92,Portscan,-1,PortScan
2886729729,41041,3232238130,1031,6,2026-09-12 23:10:48,13,1,1,0,0,0,0,0.0,0.0,0,0,0.0,0.0,0.0,153846.1538,13.0,0.0,13,13,0,0.0,0.0,0,0,0,0.0,0.0,0,0,0,0,0,0,0,1,24,20,76923.07692,76923.07692,0,0,0.0,0.0,0.0,0,1,1,0,1,0,0,0,1.0,0.0,0.0,0.0,0,0,0,0,0,0,0,0,0,0,1024,0,0,24,0.0,0.0,0,0,0.0,0.0,0,0,-1,-1,13,Portscan,-1,PortScan
2886729729,41041,3232238130,3869,6,2026-09-12 23:10:54,55,1,1,0,0,0,0,0.0,0.0,0,0,0.0,0.0,0.0,36363.63636,55.0,0.0,55,55,0,0.0,0.0,0,0,0,0.0,0.0,0,0,0,0,0,0,0,1,24,20,18181.81818,18181.81818,0,0,0.0,0.0,0.0,0,1,1,0,1,0,0,0,1.0,0.0,0.0,0.0,0,0,0,0,0,0,0,0,0,0,1024,0,0,24,0.0,0.0,0,0,0.0,0.0,0,0,-1,-1,55,Portscan,-1,PortScan
3232238083,61836,3232238081,53,17,2026-09-12 23:12:48,51234,1,1,52,116,52,52,52.0,0.0,116,116,116.0,0.0,3279.072491,39.03657727,51234.0,0.0,51234,51234,0,0.0,0.0,0,0,0,0.0,0.0,0,0,0,0,0,0,0,0,8,8,19.51828864,19.51828864,52,116,84.0,45.254834,2048.0,0,0,0,0,0,0,0,0,1.0,84.0,52.0,116.0,0,0,0,0,0,0,0,26,0,58,0,0,0,8,0.0,0.0,0,0,0.0,0.0,0,0,-1,-1,0,BENIGN,-1,BENIGN
3232238088,2090,3232238130,80,6,2026-09-12 23:13:42,163620,10,10,1234,920,617,0,123.4,260.1500422,460,0,92.0,193.9530298,13164.6498,122.2344457,8611.578947,26304.41533,99644,0,163480,18164.44444,36902.63155,99644,2,163554,18172.66667,37027.55103,99927,0,2,2,0,0,0,0,224,224,61.11722283,61.11722283,0,617,107.7,223.9116602,50136.43158,4,4,0,4,18,0,0,0,1.0,107.7,123.4,92.0,0,0,0,0,0,0,0,61,0,46,8192,238,2,20,0.0,0.0,0,0,0.0,0.0,0,0,-1,-1,163620,Infiltration - Portscan,-1,Infiltration
2886729729,54599,3232238130,34573,6,2026-09-12 23:24:30,49,1,1,0,0,0,0,0.0,0.0,0,0,0.0,0.0,0.0,40816.32653,49.0,0.0,49,49,0,0.0,0.0,0,0,0,0.0,0.0,0,0,0,0,0,0,0,1,24,20,20408.16327,20408.16327,0,0,0.0,0.0,0.0,0,1,1,0,1,0,0,0,1.0,0.0,0.0,0.0,0,0,0,0,0,0,0,0,0,0,1024,0,0,24,0.0,0.0,0,0,0.0,0.0,0,0,-1,-1,49,Portscan,-1,PortScan
2886729729,54599,3232238130,6699,6,2026-09-12 23:24:36,79,1,1,0,0,0,0,0.0,0.0,0,0,0.0,0.0,0.0,25316.4557,79.0,0.0,79,79,0,0.0,0.0,0,0,0,0.0,0.0,0,0,0,0,0,0,0,1,24,20,12658.22785,12658.22785,0,0,0.0,0.0,0.0,0,1,1,0,1,0,0,0,1.0,0.0,0.0,0.0,0,0,0,0,0,0,0,0,0,0,1024,0,0,24,0.0,0.0,0,0,0.0,0.0,0,0,-1,-1,79,Portscan,-1,PortScan
2886729729,54599,3232238130,56737,6,2026-09-12 23:24:36,30,1,1,0,0,0,0,0.0,0.0,0,0,0.0,0.0,0.0,66666.66667,30.0,0.0,30,30,0,0.0,0.0,0,0,0,0.0,0.0,0,0,0,0,0,0,0,1,24,20,33333.33333,33333.33333,0,0,0.0,0.0,0.0,0,1,1,0,1,0,0,0,1.0,0.0,0.0,0.0,0,0,0,0,0,0,0,0,0,0,1024,0,0,24,0.0,0.0,0,0,0.0,0.0,0,0,-1,-1,30,Portscan,-1,PortScan
2886729729,54599,3232238130,898,6,2026-09-12 23:24:36,24,1,1,0,0,0,0,0.0,0.0,0,0,0.0,0.0,0.0,83333.33333,24.0,0.0,24,24,0,0.0,0.0,0,0,0,0.0,0.0,0,0,0,0,0,0,0,1,24,20,41666.66667,41666.66667,0,0,0.0,0.0,0.0,0,1,1,0,1,0,0,0,1.0,0.0,0.0,0.0,0,0,0,0,0,0,0,0,0,0,1024,0,0,24,0.0,0.0,0,0,0.0,0.0,0,0,-1,-1,24,Portscan,-1,PortScan
3232238096,22323,3232238083,53,17,2026-09-12 23:26:18,232,2,2,94,452,47,47,47.0,0.0,226,226,226.0,0.0,2353448.276,17241.37931,77.33333333,128.74911,226,3,3,3.0,0.0,3,3,3,3.0,0.0,3,3,0,0,0,0,0,0,16,16,8620.689655,8620.689655,47,226,136.5,103.3456982,10680.33333,0,0,0,0,0,0,0,0,1.0,136.5,47.0,226.0,0,0,0,0,0,0,0,23,0,113,0,0,1,8,0.0,0.0,0,0,0.0,0.0,0,0,-1,-1,0,BENIGN,-1,BENIGN
3232238095,52054,3232238083,53,17,2026-09-12 23:36:06,189,2,2,76,132,38,38,38.0,0.0,66,66,66.0,0.0,1100529.101,21164.02116,63.0,25.11971337,92,48,49,49.0,0.0,49,49,48,48.0,0.0,48,48,0,0,0,0,0,0,16,16,10582.01058,10582.01058,38,66,52.0,16.16580754,261.3333333,0,0,0,0,0,0,0,0,1.0,52.0,38.0,66.0,0,0,0,0,0,0,0,19,0,33,0,0,1,8,0.0,0.0,0,0,0.0,0.0,0,0,-1,-1,0,BENIGN,-1,BENIGN
2886729729,36114,3232238130,2191,6,2026-09-12 23:38:18,71,1,1,0,0,0,0,0.0,0.0,0,0,0.0,0.0,0.0,28169.01408,71.0,0.0,71,71,0,0.0,0.0,0,0,0,0.0,0.0,0,0,0,0,0,0,0,1,24,20,14084.50704,14084.50704,0,0,0.0,0.0,0.0,0,1,1,0,1,0,0,0,1.0,0.0,0.0,0.0,0,0,0,0,0,0,0,0,0,0,1024,0,0,24,0.0,0.0,0,0,0.0,0.0,0,0,-1,-1,71,Portscan,-1,PortScan
2886729729,36114,3232238130,1106,6,2026-09-12 23:38:18,83,1,1,0,0,0,0,0.0,0.0,0,0,0.0,0.0,0.0,24096.38554,83.0,0.0,83,83,0,0.0,0.0,0,0,0,0.0,0.0,0,0,0,0,0,0,0,1,24,20,12048.19277,12048.19277,0,0,0.0,0.0,0.0,0,1,1,0,1,0,0,0,1.0,0.0,0.0,0.0,0,0,0,0,0,0,0,0,0,0,1024,0,0,24,0.0,0.0,0,0,0.0,0.0,0,0,-1,-1,83,Portscan,-1,PortScan
2886729729,36114,3232238130,3325,6,2026-09-12 23:38:18,66,1,1,0,0,0,0,0.0,0.0,0,0,0.0,0.0,0.0,30303.0303,66.0,0.0,66,66,0,0.0,0.0,0,0,0,0.0,0.0,0,0,0,0,0,0,0,1,24,20,15151.51515,15151.51515,0,0,0.0,0.0,0.0,0,1,1,0,1,0,0,0,1.0,0.0,0.0,0.0,0,0,0,0,0,0,0,0,0,0,1024,0,0,24,0.0,0.0,0,0,0.0,0.0,0,0,-1,-1,66,Portscan,-1,PortScan
2886729729,36114,3232238130,7778,6,2026-09-12 23:38:18,58,1,1,0,0,0,0,0.0,0.0,0,0,0.0,0.0,0.0,34482.75862,58.0,0.0,58,58,0,0.0,0.0,0,0,0,0.0,0.0,0,0,0,0,0,0,0,1,24,20,17241.37931,17241.37931,0,0,0.0,0.0,0.0,0,1,1,0,1,0,0,0,1.0,0.0,0.0,0.0,0,0,0,0,0,0,0,0,0,0,1024,0,0,24,0.0,0.0,0,0,0.0,0.0,0,0,-1,-1,58,Portscan,-1,PortScan
2886729729,36114,3232238130,15004,6,2026-09-12 23:38:24,74,1,1,0,0,0,0,0.0,0.0,0,0,0.0,0.0,0.0,27027.02703,74.0,0.0,74,74,0,0.0,0.0,0,0,0,0.0,0.0,0,0,0,0,0,0,0,1,24,20,13513.51351,13513.51351,0,0,0.0,0.0,0.0,0,1,1,0,1,0,0,0,1.0,0.0,0.0,0.0,0,0,0,0,0,0,0,0,0,0,1024,0,0,24,0.0,0.0,0,0,0.0,0.0,0,0,-1,-1,74,Portscan,-1,PortScan
3232238083,61595,3232238081,53,17,2026-09-12 23:46:48,78943614,2,2,112,184,56,56,56.0,0.0,112,72,92.0,28.28427125,3.749511645,0.050669076,26314538.0,45525258.93,78882579,30479,78913058,78913058.0,0.0,78913058,78913058,78913135,78913135.0,0.0,78913135,78913135,0,0,0,0,0,0,16,16,0.025334538,0.025334538,56,112,74.0,26.43230347,698.6666667,0,0,0,0,0,0,0,0,1.0,74.0,56.0,92.0,0,0,0,0,0,0,0,28,0,46,0,0,1,8,30479.0,0.0,30479,30479,78882579.0,0.0,78882579,78882579,-1,-1,0,BENIGN,-1,BENIGN
2886729729,47339,3232238130,1719,6,2026-09-12 23:51:54,45,1,1,0,0,0,0,0.0,0.0,0,0,0.0,0.0,0.0,44444.44444,45.0,0.0,45,45,0,0.0,0.0,0,0,0,0.0,0.0,0,0,0,0,0,0,0,1,24,20,22222.22222,22222.22222,0,0,0.0,0.0,0.0,0,1,1,0,1,0,0,0,1.0,0.0,0.0,0.0,0,0,0,0,0,0,0,0,0,0,1024,0,0,24,0.0,0.0,0,0,0.0,0.0,0,0,-1,-1,45,Portscan,-1,PortScan
2886729729,47339,3232238130,65000,6,2026-09-12 23:52:00,45,1,1,0,0,0,0,0.0,0.0,0,0,0.0,0.0,0.0,44444.44444,45.0,0.0,45,45,0,0.0,0.0,0,0,0,0.0,0.0,0,0,0,0,0,0,0,1,24,20,22222.22222,22222.22222,0,0,0.0,0.0,0.0,0,1,1,0,1,0,0,0,1.0,0.0,0.0,0.0,0,0,0,0,0,0,0,0,0,0,1024,0,0,24,0.0,0.0,0,0,0.0,0.0,0,0,-1,-1,45,Portscan,-1,PortScan
2886729729,47339,3232238130,9877,6,2026-09-12 23:52:00,65,1,1,0,0,0,0,0.0,0.0,0,0,0.0,0.0,0.0,30769.23077,65.0,0.0,65,65,0,0.0,0.0,0,0,0,0.0,0.0,0,0,0,0,0,0,0,1,24,20,15384.61538,15384.61538,0,0,0.0,0.0,0.0,0,1,1,0,1,0,0,0,1.0,0.0,0.0,0.0,0,0,0,0,0,0,0,0,0,0,1024,0,0,24,0.0,0.0,0,0,0.0,0.0,0,0,-1,-1,65,Portscan,-1,PortScan
2886729729,47339,3232238130,6059,6,2026-09-12 23:52:00,58,1,1,0,0,0,0,0.0,0.0,0,0,0.0,0.0,0.0,34482.75862,58.0,0.0,58,58,0,0.0,0.0,0,0,0,0.0,0.0,0,0,0,0,0,0,0,1,24,20,17241.37931,17241.37931,0,0,0.0,0.0,0.0,0,1,1,0,1,0,0,0,1.0,0.0,0.0,0.0,0,0,0,0,0,0,0,0,0,0,1024,0,0,24,0.0,0.0,0,0,0.0,0.0,0,0,-1,-1,58,Portscan,-1,PortScan
2886729729,47339,3232238130,1521,6,2026-09-12 23:52:00,42,1,1,0,0,0,0,0.0,0.0,0,0,0.0,0.0,0.0,47619.04762,42.0,0.0,42,42,0,0.0,0.0,0,0,0,0.0,0.0,0,0,0,0,0,0,0,1,24,20,23809.52381,23809.52381,0,0,0.0,0.0,0.0,0,1,1,0,1,0,0,0,1.0,0.0,0.0,0.0,0,0,0,0,0,0,0,0,0,0,1024,0,0,24,0.0,0.0,0,0,0.0,0.0,0,0,-1,-1,42,Portscan,-1,PortScan
3232238088,51296,3232238131,5850,6,2026-09-12 23:56:36,26,2,2,0,0,0,0,0.0,0.0,0,0,0.0,0.0,0.0,153846.1538,8.666666667,9.814954576,20,3,3,3.0,0.0,3,3,3,3.0,0.0,3,3,0,0,0,0,0,2,48,40,76923.07692,76923.07692,0,0,0.0,0.0,0.0,0,2,2,0,2,0,0,0,1.0,0.0,0.0,0.0,0,0,0,0,0,0,0,0,0,0,1024,0,0,24,0.0,0.0,0,0,0.0,0.0,0,0,-1,-1,26,Infiltration - Portscan,-1,Infiltration
3232238088,51296,3232238131,1046,6,2026-09-12 23:56:36,71,2,2,0,0,0,0,0.0,0.0,0,0,0.0,0.0,0.0,56338.02817,23.66666667,23.54428452,48,1,48,48.0,0.0,48,48,1,1.0,0.0,1,1,0,0,0,0,0,2,48,40,28169.01408,28169.01408,0,0,0.0,0.0,0.0,0,2,2,0,2,0,0,0,1.0,0.0,0.0,0.0,0,0,0,0,0,0,0,0,0,0,1024,0,0,24,0.0,0.0,0,0,0.0,0.0,0,0,-1,-1,71,Infiltration - Portscan,-1,Infiltration
3232238088,51296,3232238131,524,6,2026-09-12 23:56:36,54,2,2,0,0,0,0,0.0,0.0,0,0,0.0,0.0,0.0,74074.07407,18.0,26.88865932,49,1,1,1.0,0.0,1,1,49,49.0,0.0,49,49,0,0,0,0,0,2,48,40,37037.03704,37037.03704,0,0,0.0,0.0,0.0,0,2,2,0,2,0,0,0,1.0,0.0,0.0,0.0,0,0,0,0,0,0,0,0,0,0,1024,0,0,24,0.0,0.0,0,0,0.0,0.0,0,0,-1,-1,54,Infiltration - Portscan,-1,Infiltration
3232238088,51296,3232238131,7070,6,2026-09-12 23:56:36,18,1,1,0,0,0,0,0.0,0.0,0,0,0.0,0.0,0.0,111111.1111,18.0,0.0,18,18,0,0.0,0.0,0,0,0,0.0,0.0,0,0,0,0,0,0,0,1,24,20,55555.55556,55555.55556,0,0,0.0,0.0,0.0,0,1,1,0,1,0,0,0,1.0,0.0,0.0,0.0,0,0,0,0,0,0,0,0,0,0,1024,0,0,24,0.0,0.0,0,0,0.0,0.0,0,0,-1,-1,18,Infiltration - Portscan,-1,Infiltration
3232238089,56303,3232238083,53,17,2026-09-12 23:59:36,159,2,2,62,190,31,31,31.0,0.0,95,95,95.0,0.0,1584905.66,25157.2327,53.0,86.60254038,153,3,3,3.0,0.0,3,3,3,3.0,0.0,3,3,0,0,0,0,0,0,16,16,12578.61635,12578.61635,31,95,63.0,36.95041723,1365.333333,0,0,0,0,0,0,0,0,1.0,63.0,31.0,95.0,0,0,0,0,0,0,0,15,0,47,0,0,1,8,0.0,0.0,0,0,0.0,0.0,0,0,-1,-1,0,BENIGN,-1,BENIGN
